

# Generated at 2024-06-03 04:46:25.769233
```python
    assert snake_case_to_camel('the_snake_is_green') == 'TheSnakeIsGreen'
    assert snake_case_to_camel('the_snake_is_green', upper_case_first=False) == 'theSnakeIsGreen'
    assert snake_case_to_camel('the-snake-is-green', separator='-') == 'TheSnakeIsGreen'
    assert snake_case_to_camel('the-snake-is-green', upper_case_first=False, separator='-') == 'theSnakeIsGreen'
    assert snake_case_to_camel('alreadyCamelCase') == 'alreadyCamelCase'
    assert snake_case_to_camel('') == ''
    assert snake_case_to_camel('singleword') == 'Singleword'
    assert snake_case_to_camel('singleword', upper_case_first=False) == 'singleword'
```

# Generated at 2024-06-03 04:46:30.572649
```python
    assert snake_case_to_camel('the_snake_is_green') == 'TheSnakeIsGreen'
    assert snake_case_to_camel('the_snake_is_green', upper_case_first=False) == 'theSnakeIsGreen'
    assert snake_case_to_camel('the_snake_is_green', separator='-') == 'the_snake_is_green'
    assert snake_case_to_camel('the-snake-is-green', separator='-') == 'TheSnakeIsGreen'
    assert snake_case_to_camel('the_snake_is_green', upper_case_first=True, separator='_') == 'TheSnakeIsGreen'
    assert snake_case_to_camel('the_snake_is_green', upper_case_first=False, separator='_') == 'theSnakeIsGreen'
    assert snake_case_to_camel('The_snake_is_green') == 'The_snake_is_green'
    assert snake_case_to_camel('') == ''
    assert snake_case_to_camel('

# Generated at 2024-06-03 04:46:35.295331
```python
    assert snake_case_to_camel('the_snake_is_green') == 'TheSnakeIsGreen'
    assert snake_case_to_camel('the_snake_is_green', upper_case_first=False) == 'theSnakeIsGreen'
    assert snake_case_to_camel('the-snake-is-green', separator='-') == 'TheSnakeIsGreen'
    assert snake_case_to_camel('the-snake-is-green', upper_case_first=False, separator='-') == 'theSnakeIsGreen'
    assert snake_case_to_camel('alreadyCamelCase') == 'alreadyCamelCase'
    assert snake_case_to_camel('') == ''
    assert snake_case_to_camel('singleword') == 'Singleword'
    assert snake_case_to_camel('singleword', upper_case_first=False) == 'singleword'
    assert snake_case_to_camel('snake_case_with_numbers_123') == 'SnakeCaseWithNumbers123'
    assert snake_case_to_c

# Generated at 2024-06-03 04:46:40.050431
```python
    assert snake_case_to_camel('the_snake_is_green') == 'TheSnakeIsGreen'
    assert snake_case_to_camel('the_snake_is_green', upper_case_first=False) == 'theSnakeIsGreen'
    assert snake_case_to_camel('the-snake-is-green', separator='-') == 'TheSnakeIsGreen'
    assert snake_case_to_camel('the-snake-is-green', upper_case_first=False, separator='-') == 'theSnakeIsGreen'
    assert snake_case_to_camel('alreadyCamelCase') == 'alreadyCamelCase'
    assert snake_case_to_camel('') == ''
    assert snake_case_to_camel('singleword') == 'Singleword'
    assert snake_case_to_camel('singleword', upper_case_first=False) == 'singleword'
    assert snake_case_to_camel('snake_case_with_numbers_123') == 'SnakeCaseWithNumbers123'
    assert snake_case_to_c

# Generated at 2024-06-03 04:46:43.478809
```python
    input_string = "hello   world! this is a test.  let's see how it works. visit https://example.com or email me@example.com"
    expected_output = "Hello world! This is a test. Let's see how it works. Visit https://example.com or email me@example.com"
    formatter = __StringFormatter(input_string)
    assert formatter.format() == expected_output

    input_string = "  multiple   spaces   should be  reduced.  "
    expected_output = "Multiple spaces should be reduced."
    formatter = __StringFormatter(input_string)
    assert formatter.format() == expected_output

    input_string = "fixing  saxon 's genitive  should  work.  "
    expected_output = "Fixing saxon's genitive should work."
    formatter = __StringFormatter(input_string)
    assert formatter.format() == expected_output

    input_string = "email: test@example.com and url: http://example.com should

# Generated at 2024-06-03 04:46:46.569593
```python
    formatter = __StringFormatter("hello   world!  this is a test.  email@example.com  http://example.com")
    formatted_string = formatter.format()
    assert formatted_string == "Hello world! This is a test. email@example.com http://example.com"

    formatter = __StringFormatter("  multiple   spaces   and  tabs\t\t")
    formatted_string = formatter.format()
    assert formatted_string == "Multiple spaces and tabs"

    formatter = __StringFormatter("fixing  saxon 's genitive  ")
    formatted_string = formatter.format()
    assert formatted_string == "Fixing saxon's genitive"

    formatter = __StringFormatter("remove  duplicates  duplicates")
    formatted_string = formatter.format()
    assert formatted_string == "Remove duplicates"

    formatter = __StringFormatter("capitalize after. sign")
    formatted_string = formatter.format()
    assert formatted_string == "Capitalize after. Sign"

    formatter = __StringFormatter("

# Generated at 2024-06-03 04:46:50.322994
```python
    assert snake_case_to_camel('the_snake_is_green') == 'TheSnakeIsGreen'
    assert snake_case_to_camel('the_snake_is_green', upper_case_first=False) == 'theSnakeIsGreen'
    assert snake_case_to_camel('the_snake_is_green', separator='-') == 'the_snake_is_green'
    assert snake_case_to_camel('the-snake-is-green', separator='-') == 'TheSnakeIsGreen'
    assert snake_case_to_camel('the_snake_is_green', upper_case_first=True, separator='_') == 'TheSnakeIsGreen'
    assert snake_case_to_camel('the_snake_is_green', upper_case_first=False, separator='_') == 'theSnakeIsGreen'
    assert snake_case_to_camel('TheSnakeIsGreen') == 'TheSnakeIsGreen'
    assert snake_case_to_camel('') == ''
    assert snake_case_to_camel('snake_case

# Generated at 2024-06-03 04:46:53.929678
```python
    input_string = "hello   world! this is a test.  let's see how it works. visit https://example.com or email me@example.com"
    expected_output = "Hello world! This is a test. Let's see how it works. Visit https://example.com or email me@example.com"
    formatter = __StringFormatter(input_string)
    assert formatter.format() == expected_output

    input_string = "  multiple   spaces   should be   reduced.  "
    expected_output = "Multiple spaces should be reduced."
    formatter = __StringFormatter(input_string)
    assert formatter.format() == expected_output

    input_string = "fixing  saxon 's genitive  should  work  correctly.  "
    expected_output = "Fixing Saxon's genitive should work correctly."
    formatter = __StringFormatter(input_string)
    assert formatter.format() == expected_output

    input_string = "email: test@example.com and url: http://

# Generated at 2024-06-03 04:46:58.462978
```python
    assert camel_case_to_snake('ThisIsACamelStringTest') == 'this_is_a_camel_string_test'
    assert camel_case_to_snake('CamelCase') == 'camel_case'
    assert camel_case_to_snake('camelCase') == 'camel_case'
    assert camel_case_to_snake('Camel') == 'camel'
    assert camel_case_to_snake('camel') == 'camel'
    assert camel_case_to_snake('') == ''
    assert camel_case_to_snake('ThisIsACamelStringTest', '-') == 'this-is-a-camel-string-test'
    assert camel_case_to_snake('CamelCase', '-') == 'camel-case'
    assert camel_case_to_snake('camelCase', '-') == 'camel-case'
    assert camel_case_to_snake('Camel', '-') == 'camel'
    assert camel_case_to_snake('camel', '-') == 'camel'
    assert camel_case_to_snake('', '-') == ''


# Generated at 2024-06-03 04:47:01.739223
```python
    assert camel_case_to_snake('ThisIsACamelStringTest') == 'this_is_a_camel_string_test'
    assert camel_case_to_snake('CamelCase') == 'camel_case'
    assert camel_case_to_snake('camelCase') == 'camel_case'
    assert camel_case_to_snake('Camel') == 'camel'
    assert camel_case_to_snake('camel') == 'camel'
    assert camel_case_to_snake('') == ''
    assert camel_case_to_snake('ThisIsACamelStringTest', '-') == 'this-is-a-camel-string-test'
    assert camel_case_to_snake('CamelCase', '-') == 'camel-case'
    assert camel_case_to_snake('camelCase', '-') == 'camel-case'
    assert camel_case_to_snake('Camel', '-') == 'camel'
    assert camel_case_to_snake('camel', '-') == 'camel'
```

# Generated at 2024-06-03 04:47:17.461043
```python
    input_string = "hello   world!  this is a test.  let's see how it works.  visit https://example.com or email test@example.com"
    expected_output = "Hello world! This is a test. Let's see how it works. Visit https://example.com or email test@example.com"
    formatter = __StringFormatter(input_string)
    assert formatter.format() == expected_output

    input_string = "  multiple   spaces   and  tabs\t\tshould be  handled  correctly.  "
    expected_output = "Multiple spaces and tabs should be handled correctly."
    formatter = __StringFormatter(input_string)
    assert formatter.format() == expected_output

    input_string = "fixing  saxon 's genitive  should  be  done  correctly.  "
    expected_output = "Fixing Saxon's genitive should be done correctly."
    formatter = __StringFormatter(input_string)
    assert formatter.format() == expected_output



# Generated at 2024-06-03 04:47:21.067352
```python
    input_string = "hello   world!  this is a test.  email@example.com  http://example.com"
    expected_output = "Hello world! This is a test. email@example.com http://example.com"
    formatter = __StringFormatter(input_string)
    assert formatter.format() == expected_output

    input_string = "  multiple   spaces   and  tabs\t\tshould be  handled  correctly.  "
    expected_output = "Multiple spaces and tabs should be handled correctly."
    formatter = __StringFormatter(input_string)
    assert formatter.format() == expected_output

    input_string = "fixing  saxon 's  genitive  and  other 's  issues."
    expected_output = "Fixing saxon's genitive and other's issues."
    formatter = __StringFormatter(input_string)
    assert formatter.format() == expected_output

    input_string = "urls like http://example.com and emails like test@example.com should be preserved

# Generated at 2024-06-03 04:47:25.377289
```python
    input_string = "hello   world! this is a test.  let's see how it works. visit https://example.com or email me@example.com"
    expected_output = "Hello world! This is a test. Let's see how it works. Visit https://example.com or email me@example.com"
    formatter = __StringFormatter(input_string)
    assert formatter.format() == expected_output

    input_string = "  multiple   spaces   should be  reduced.  "
    expected_output = "Multiple spaces should be reduced."
    formatter = __StringFormatter(input_string)
    assert formatter.format() == expected_output

    input_string = "fixing  saxon 's genitive  should  work  correctly.  "
    expected_output = "Fixing Saxon's genitive should work correctly."
    formatter = __StringFormatter(input_string)
    assert formatter.format() == expected_output

    input_string = "email: test@example.com and url: http://

# Generated at 2024-06-03 04:47:31.358163
```python
    input_string = "hello   world! this is a test.  let's see how it works. visit https://example.com or email test@example.com"
    expected_output = "Hello world! This is a test. Let's see how it works. Visit https://example.com or email test@example.com"
    
    formatter = __StringFormatter(input_string)
    assert formatter.format() == expected_output

    input_string = "  multiple   spaces   and  tabs\t\t should be handled properly.  "
    expected_output = "Multiple spaces and tabs should be handled properly."
    
    formatter = __StringFormatter(input_string)
    assert formatter.format() == expected_output

    input_string = "fixing  saxon 's genitive  and  other  issues."
    expected_output = "Fixing Saxon's genitive and other issues."
    
    formatter = __StringFormatter(input_string)
    assert formatter.format() == expected_output

    input_string = "email

# Generated at 2024-06-03 04:47:34.493938
```python
    input_string = "hello   world! this is a test.  email@example.com  http://example.com"
    expected_output = "Hello world! This is a test. email@example.com http://example.com"
    formatter = __StringFormatter(input_string)
    assert formatter.format() == expected_output

    input_string = "  multiple   spaces   and  tabs\t\tin  this string.  "
    expected_output = "Multiple spaces and tabs in this string."
    formatter = __StringFormatter(input_string)
    assert formatter.format() == expected_output

    input_string = "fixing  saxon 's  genitive  and  duplicates  duplicates."
    expected_output = "Fixing saxon's genitive and duplicates."
    formatter = __StringFormatter(input_string)
    assert formatter.format() == expected_output

    input_string = "urls like http://example.com and emails like test@example.com should be preserved."
    expected_output = "Urls

# Generated at 2024-06-03 04:47:37.635905
```python
    input_string = "hello   world!  this is a test.  let's see how it works.  visit https://example.com or email test@example.com"
    expected_output = "Hello world! This is a test. Let's see how it works. Visit https://example.com or email test@example.com"
    formatter = __StringFormatter(input_string)
    assert formatter.format() == expected_output

    input_string = "  multiple   spaces   and  tabs\t\tshould be handled properly.  "
    expected_output = "Multiple spaces and tabs should be handled properly."
    formatter = __StringFormatter(input_string)
    assert formatter.format() == expected_output

    input_string = "fixing  saxon 's genitive  should  be  done  correctly.  "
    expected_output = "Fixing saxon's genitive should be done correctly."
    formatter = __StringFormatter(input_string)
    assert formatter.format() == expected_output

    input

# Generated at 2024-06-03 04:47:40.931467
```python
    formatter = __StringFormatter("hello   world!  this is a test.  email@example.com  http://example.com")
    formatted_string = formatter.format()
    assert formatted_string == "Hello world! This is a test. email@example.com http://example.com"

    formatter = __StringFormatter("  multiple   spaces   and  tabs\t\t")
    formatted_string = formatter.format()
    assert formatted_string == "Multiple spaces and tabs"

    formatter = __StringFormatter("fixing  saxon 's  genitive's  issue")
    formatted_string = formatter.format()
    assert formatted_string == "Fixing saxon's genitive's issue"

    formatter = __StringFormatter("duplicateee letters  and  upppercase after signs!like this")
    formatted_string = formatter.format()
    assert formatted_string == "Duplicate letters and uppercase after signs!Like this"

    formatter = __StringFormatter("  leading and trailing spaces  ")
    formatted_string

# Generated at 2024-06-03 04:47:44.121730
```python
    formatter = __StringFormatter("hello   world! this is a test.  let's see how it works.")
    assert formatter.format() == "Hello world! This is a test. Let's see how it works."

    formatter = __StringFormatter("  multiple   spaces   should be  reduced. ")
    assert formatter.format() == "Multiple spaces should be reduced."

    formatter = __StringFormatter("email@example.com should not be altered.")
    assert formatter.format() == "Email@example.com should not be altered."

    formatter = __StringFormatter("visit https://example.com for more info.")
    assert formatter.format() == "Visit https://example.com for more info."

    formatter = __StringFormatter("john's book is on the table.")
    assert formatter.format() == "John's book is on the table."

    formatter = __StringFormatter("  leading and trailing spaces should be removed.  ")
    assert formatter.format() == "Leading and trailing spaces should

# Generated at 2024-06-03 04:47:51.790259
```python
    input_string = "hello   world! this is a test.  let's see how it works. visit https://example.com or email me@example.com"
    expected_output = "Hello world! This is a test. Let's see how it works. Visit https://example.com or email me@example.com"
    formatter = __StringFormatter(input_string)
    assert formatter.format() == expected_output

    input_string = "  multiple   spaces   should be  reduced.  "
    expected_output = "Multiple spaces should be reduced."
    formatter = __StringFormatter(input_string)
    assert formatter.format() == expected_output

    input_string = "fixing  saxon 's genitive  should  work  correctly.  "
    expected_output = "Fixing saxon's genitive should work correctly."
    formatter = __StringFormatter(input_string)
    assert formatter.format() == expected_output

    input_string = "email: test@example.com and url: http://

# Generated at 2024-06-03 04:47:56.186863
```python
    input_string = "hello   world!  this is a test.  visit http://example.com or email me@example.com"
    expected_output = "Hello world! This is a test. Visit http://example.com or email me@example.com"
    
    formatter = __StringFormatter(input_string)
    assert formatter.format() == expected_output

    input_string = "  multiple   spaces   and  tabs\t\tshould be  handled  correctly.  "
    expected_output = "Multiple spaces and tabs should be handled correctly."
    
    formatter = __StringFormatter(input_string)
    assert formatter.format() == expected_output

    input_string = "john's  book  is  on  the  table."
    expected_output = "John's book is on the table."
    
    formatter = __StringFormatter(input_string)
    assert formatter.format() == expected_output

    input_string = "check  out  this  link:  https://example.com/path?

# Generated at 2024-06-03 04:48:04.491766
```python
    original_string = 'This is a test string to be compressed and then decompressed.'
    compressed_string = compress(original_string)
    decompressed_string = decompress(compressed_string)
    
    assert decompressed_string == original_string, f"Expected '{original_string}', but got '{decompressed_string}'"
    
    # Test with different encoding
    original_string_utf16 = 'This is a test string with UTF-16 encoding.'
    compressed_string_utf16 = compress(original_string_utf16, encoding='utf-16')
    decompressed_string_utf16 = decompress(compressed_string_utf16, encoding='utf-16')
    
    assert decompressed_string_utf16 == original_string_utf16, f"Expected '{original_string_utf16}', but got '{decompressed_string_utf16}'"
    
    # Test with empty string
    original_empty_string = ''
    compressed_empty_string = compress(original_empty_string)
    decompressed_empty_string = decompress(compressed_empty_string)
    
    assert

# Generated at 2024-06-03 04:48:07.247960
```python
    assert asciify('èéùúòóäåëýñÅÀÁÇÌÍÑÓË') == 'eeuuooaaeynAAACIINOE'
    assert asciify('') == ''
    assert asciify('hello') == 'hello'
    assert asciify('123') == '123'
    assert asciify('ñandú') == 'nandu'
    assert asciify('façade') == 'facade'
    assert asciify('über') == 'uber'
    assert asciify('crème brûlée') == 'creme brulee'
    assert asciify('naïve') == 'naive'
    assert asciify('coöperate') == 'cooperate'
```

# Generated at 2024-06-03 04:48:11.249513
```python
    assert snake_case_to_camel('the_snake_is_green') == 'TheSnakeIsGreen'
    assert snake_case_to_camel('the_snake_is_green', upper_case_first=False) == 'theSnakeIsGreen'
    assert snake_case_to_camel('the_snake_is_green', separator='-') == 'the_snake_is_green'
    assert snake_case_to_camel('the-snake-is-green', separator='-') == 'TheSnakeIsGreen'
    assert snake_case_to_camel('the_snake_is_green', upper_case_first=True, separator='_') == 'TheSnakeIsGreen'
    assert snake_case_to_camel('the_snake_is_green', upper_case_first=False, separator='_') == 'theSnakeIsGreen'
    assert snake_case_to_camel('TheSnakeIsGreen') == 'TheSnakeIsGreen'
    assert snake_case_to_camel('') == ''
    assert snake_case_to_camel('snake_case

# Generated at 2024-06-03 04:48:19.323487
```python
    assert roman_decode('I') == 1
    assert roman_decode('IV') == 4
    assert roman_decode('IX') == 9
    assert roman_decode('XII') == 12
    assert roman_decode('XXI') == 21
    assert roman_decode('XL') == 40
    assert roman_decode('L') == 50
    assert roman_decode('XC') == 90
    assert roman_decode('C') == 100
    assert roman_decode('CD') == 400
    assert roman_decode('D') == 500
    assert roman_decode('CM') == 900
    assert roman_decode('M') == 1000
    assert roman_decode('MMMCMXCIX') == 3999
    assert roman_decode('MMXX') == 2020
    assert roman_decode('XXXVIII') == 38
    assert roman_decode('VII') == 7


# Generated at 2024-06-03 04:48:25.003508
```python
    assert camel_case_to_snake('ThisIsACamelStringTest') == 'this_is_a_camel_string_test'
    assert camel_case_to_snake('CamelCase') == 'camel_case'
    assert camel_case_to_snake('camelCase') == 'camel_case'
    assert camel_case_to_snake('Camel') == 'camel'
    assert camel_case_to_snake('camel') == 'camel'
    assert camel_case_to_snake('') == ''
    assert camel_case_to_snake('ThisIsACamelStringTest', '-') == 'this-is-a-camel-string-test'
    assert camel_case_to_snake('CamelCase', '-') == 'camel-case'
    assert camel_case_to_snake('camelCase', '-') == 'camel-case'
    assert camel_case_to_snake('Camel', '-') == 'camel'
    assert camel_case_to_snake('camel', '-') == 'camel'
    assert camel_case_to_snake('NotCamelCase

# Generated at 2024-06-03 04:48:28.588007
```python
    assert snake_case_to_camel('the_snake_is_green') == 'TheSnakeIsGreen'
    assert snake_case_to_camel('the_snake_is_green', upper_case_first=False) == 'theSnakeIsGreen'
    assert snake_case_to_camel('the-snake-is-green', separator='-') == 'TheSnakeIsGreen'
    assert snake_case_to_camel('the_snake_is_green', separator='_') == 'TheSnakeIsGreen'
    assert snake_case_to_camel('the_snake_is_green', upper_case_first=False, separator='_') == 'theSnakeIsGreen'
    assert snake_case_to_camel('the_snake_is_green', upper_case_first=True, separator='_') == 'TheSnakeIsGreen'
    assert snake_case_to_camel('the_snake_is_green', upper_case_first=True, separator='-') == 'the_snake_is_green'
    assert snake_case_to_camel('the_snake_is

# Generated at 2024-06-03 04:48:32.095748
```python
    original_string = 'This is a test string to compress and decompress.'
    compressed_string = compress(original_string)
    decompressed_string = decompress(compressed_string)
    assert decompressed_string == original_string, f"Expected {original_string}, but got {decompressed_string}"

    # Test with different encoding
    original_string_utf16 = 'This is a test string with UTF-16 encoding.'
    compressed_string_utf16 = compress(original_string_utf16, encoding='utf-16')
    decompressed_string_utf16 = decompress(compressed_string_utf16, encoding='utf-16')
    assert decompressed_string_utf16 == original_string_utf16, f"Expected {original_string_utf16}, but got {decompressed_string_utf16}"

    # Test with empty string
    original_empty_string = ''
    compressed_empty_string = compress(original_empty_string)
    decompressed_empty_string = decompress(compressed_empty_string)
    assert decompressed_empty_string == original_empty_string, f

# Generated at 2024-06-03 04:48:34.207094
```python
    assert reverse('hello') == 'olleh'
    assert reverse('world') == 'dlrow'
    assert reverse('') == ''
    assert reverse('a') == 'a'
    assert reverse('12345') == '54321'
    assert reverse('!@#$%') == '%$#@!'
    try:
        reverse(12345)
    except InvalidInputError:
        pass
    else:
        assert False, "Expected InvalidInputError"
```

# Generated at 2024-06-03 04:48:34.949181
```python
    compressor = __StringCompressor()
    assert isinstance(compressor, __StringCompressor)
```

# Generated at 2024-06-03 04:48:37.853642
```python
    assert booleanize('true') == True
    assert booleanize('TRUE') == True
    assert booleanize('1') == True
    assert booleanize('yes') == True
    assert booleanize('YES') == True
    assert booleanize('y') == True
    assert booleanize('Y') == True
    assert booleanize('false') == False
    assert booleanize('FALSE') == False
    assert booleanize('0') == False
    assert booleanize('no') == False
    assert booleanize('NO') == False
    assert booleanize('n') == False
    assert booleanize('N') == False
    assert booleanize('maybe') == False
    assert booleanize('') == False
    assert booleanize(' ') == False
    assert booleanize('True ') == False
```

# Generated at 2024-06-03 04:48:45.647901
```python
    assert roman_encode(1) == 'I'
    assert roman_encode(4) == 'IV'
    assert roman_encode(9) == 'IX'
    assert roman_encode(37) == 'XXXVII'
    assert roman_encode(2020) == 'MMXX'
    assert roman_encode(3999) == 'MMMCMXCIX'
    assert roman_encode('1') == 'I'
    assert roman_encode('2020') == 'MMXX'
    assert roman_encode('3999') == 'MMMCMXCIX'
    try:
        roman_encode(0)
    except ValueError:
        pass
    else:
        assert False, "Expected ValueError for input 0"
    try:
        roman_encode(4000)
    except ValueError:
        pass
    else:
        assert False, "Expected ValueError for input 4000"
    try:
        roman_encode(-1)
    except ValueError:
        pass


# Generated at 2024-06-03 04:48:48.005355
```python
    assert roman_encode(1) == 'I'
    assert roman_encode(4) == 'IV'
    assert roman_encode(9) == 'IX'
    assert roman_encode(58) == 'LVIII'
    assert roman_encode(1994) == 'MCMXCIV'
    assert roman_encode('2020') == 'MMXX'
    assert roman_encode(3999) == 'MMMCMXCIX'
    try:
        roman_encode(0)
    except ValueError:
        pass
    try:
        roman_encode(4000)
    except ValueError:
        pass
    try:
        roman_encode(-1)
    except ValueError:
        pass
```

# Generated at 2024-06-03 04:48:48.809228
```python
    compressor = __StringCompressor()
    assert isinstance(compressor, __StringCompressor)
```

# Generated at 2024-06-03 04:48:53.682470
```python
    # Test encoding
    assert __RomanNumbers.encode(1) == 'I'
    assert __RomanNumbers.encode(4) == 'IV'
    assert __RomanNumbers.encode(9) == 'IX'
    assert __RomanNumbers.encode(58) == 'LVIII'
    assert __RomanNumbers.encode(1994) == 'MCMXCIV'
    assert __RomanNumbers.encode(3999) == 'MMMCMXCIX'

    # Test decoding
    assert __RomanNumbers.decode('I') == 1
    assert __RomanNumbers.decode('IV') == 4
    assert __RomanNumbers.decode('IX') == 9
    assert __RomanNumbers.decode('LVIII') == 58
    assert __RomanNumbers.decode('MCMXCIV') == 1994
    assert __RomanNumbers.decode('MMMCMXCIX') == 3999

    # Test invalid inputs
    try:
        __RomanNumbers

# Generated at 2024-06-03 04:48:57.417670
```python
    assert snake_case_to_camel('the_snake_is_green') == 'TheSnakeIsGreen'
    assert snake_case_to_camel('the_snake_is_green', upper_case_first=False) == 'theSnakeIsGreen'
    assert snake_case_to_camel('the_snake_is_green', separator='-') == 'the_snake_is_green'
    assert snake_case_to_camel('the-snake-is-green', separator='-') == 'TheSnakeIsGreen'
    assert snake_case_to_camel('the_snake_is_green', upper_case_first=True, separator='_') == 'TheSnakeIsGreen'
    assert snake_case_to_camel('the_snake_is_green', upper_case_first=False, separator='_') == 'theSnakeIsGreen'
    assert snake_case_to_camel('TheSnakeIsGreen') == 'TheSnakeIsGreen'
    assert snake_case_to_camel('') == ''
    assert snake_case_to_camel('_the_sn

# Generated at 2024-06-03 04:48:59.779306
```python
    assert roman_encode(1) == 'I'
    assert roman_encode(4) == 'IV'
    assert roman_encode(9) == 'IX'
    assert roman_encode(58) == 'LVIII'
    assert roman_encode(1994) == 'MCMXCIV'
    assert roman_encode('2020') == 'MMXX'
    assert roman_encode(3999) == 'MMMCMXCIX'
    try:
        roman_encode(0)
    except ValueError:
        pass
    try:
        roman_encode(4000)
    except ValueError:
        pass
    try:
        roman_encode(-1)
    except ValueError:
        pass
    try:
        roman_encode('invalid')
    except ValueError:
        pass
```

# Generated at 2024-06-03 04:49:02.809502
```python
    formatter = __StringFormatter("hello   world!  this is a test.  email@example.com  http://example.com")
    formatted_string = formatter.format()
    assert formatted_string == "Hello world! This is a test. email@example.com http://example.com"

    formatter = __StringFormatter("  multiple   spaces   and  tabs\t\t")
    formatted_string = formatter.format()
    assert formatted_string == "Multiple spaces and tabs"

    formatter = __StringFormatter("fixing  duplicates  duplicates")
    formatted_string = formatter.format()
    assert formatted_string == "Fixing duplicates"

    formatter = __StringFormatter("  leading and trailing spaces  ")
    formatted_string = formatter.format()
    assert formatted_string == "Leading and trailing spaces"

    formatter = __StringFormatter("saxon 's genitive")
    formatted_string = formatter.format()
    assert formatted_string == "Saxon's genitive"

    formatter = __StringFormatter("uppercase after

# Generated at 2024-06-03 04:49:05.579357
```python
    assert snake_case_to_camel('the_snake_is_green') == 'TheSnakeIsGreen'
    assert snake_case_to_camel('the_snake_is_green', upper_case_first=False) == 'theSnakeIsGreen'
    assert snake_case_to_camel('the_snake_is_green', separator='-') == 'the_snake_is_green'
    assert snake_case_to_camel('the-snake-is-green', separator='-') == 'TheSnakeIsGreen'
    assert snake_case_to_camel('the_snake_is_green', upper_case_first=True, separator='_') == 'TheSnakeIsGreen'
    assert snake_case_to_camel('the_snake_is_green', upper_case_first=False, separator='_') == 'theSnakeIsGreen'
    assert snake_case_to_camel('TheSnakeIsGreen') == 'TheSnakeIsGreen'
    assert snake_case_to_camel('') == ''
    assert snake_case_to_camel('snake_case

# Generated at 2024-06-03 04:49:09.942614
```python
    # Test with valid string input
    formatter = __StringFormatter("hello world")
    assert formatter.input_string == "hello world"

    # Test with empty string input
    formatter = __StringFormatter("")
    assert formatter.input_string == ""

    # Test with invalid input (non-string)
    try:
        formatter = __StringFormatter(123)
    except InvalidInputError:
        pass
    else:
        assert False, "Expected InvalidInputError"

    # Test with valid string containing special characters
    formatter = __StringFormatter("hello @world!")
    assert formatter.input_string == "hello @world!"

    # Test with valid string containing numbers
    formatter = __StringFormatter("hello world 123")
    assert formatter.input_string == "hello world 123"
```

# Generated at 2024-06-03 04:49:12.550788
```python
    original = ' '.join(['word n{}'.format(n) for n in range(20)])
    compressed = compress(original)
    decompressed = __StringCompressor.decompress(compressed)
    assert original == decompressed, f"Expected {original}, but got {decompressed}"
    assert len(compressed) < len(original), "Compressed string is not shorter than the original"
```

# Generated at 2024-06-03 04:49:19.821971
```python
    assert slugify('Top 10 Reasons To Love Dogs!!!') == 'top-10-reasons-to-love-dogs'
    assert slugify('Mönstér Mägnët') == 'monster-magnet'
    assert slugify('  Leading and trailing spaces  ') == 'leading-and-trailing-spaces'
    assert slugify('Special & Characters!') == 'special-characters'
    assert slugify('Multiple---Separators') == 'multiple-separators'
    assert slugify('') == ''
    assert slugify('SingleWord') == 'singleword'
    assert slugify('123 Numbers 456') == '123-numbers-456'
    assert slugify('Custom Separator', '_') == 'custom_separator'
    assert slugify('Mönstér Mägnët', '_') == 'monster_magnet'
```

# Generated at 2024-06-03 04:49:23.232002
```python
    assert strip_margin('''
                line 1
                line 2
                line 3
    ''') == '''
line 1
line 2
line 3
'''

    assert strip_margin('''
\t\t\t\tline 1
\t\t\t\tline 2
\t\t\t\tline 3
    ''') == '''
line 1
line 2
line 3
'''

    assert strip_margin('line 1\nline 2\nline 3') == 'line 1\nline 2\nline 3'

    assert strip_margin('') == ''

    assert strip_margin('    line 1\n    line 2\n    line 3') == 'line 1\nline 2\nline 3'
```

# Generated at 2024-06-03 04:49:26.446027
```python
    # Test encoding
    assert __RomanNumbers.encode(1) == 'I'
    assert __RomanNumbers.encode(4) == 'IV'
    assert __RomanNumbers.encode(9) == 'IX'
    assert __RomanNumbers.encode(58) == 'LVIII'
    assert __RomanNumbers.encode(1994) == 'MCMXCIV'
    assert __RomanNumbers.encode(3999) == 'MMMCMXCIX'

    # Test decoding
    assert __RomanNumbers.decode('I') == 1
    assert __RomanNumbers.decode('IV') == 4
    assert __RomanNumbers.decode('IX') == 9
    assert __RomanNumbers.decode('LVIII') == 58
    assert __RomanNumbers.decode('MCMXCIV') == 1994
    assert __RomanNumbers.decode('MMMCMXCIX') == 3999

    # Test invalid inputs
    try:
        __RomanNumbers

# Generated at 2024-06-03 04:49:27.531905
```python
    compressor = __StringCompressor()
    assert isinstance(compressor, __StringCompressor)
```

# Generated at 2024-06-03 04:49:31.250254
```python
    assert slugify('Top 10 Reasons To Love Dogs!!!') == 'top-10-reasons-to-love-dogs'
    assert slugify('Mönstér Mägnët') == 'monster-magnet'
    assert slugify('  Leading and trailing spaces  ') == 'leading-and-trailing-spaces'
    assert slugify('Special & Characters!') == 'special-characters'
    assert slugify('Multiple---Separators') == 'multiple-separators'
    assert slugify('') == ''
    assert slugify('SingleWord') == 'singleword'
    assert slugify('123 Numbers 456') == '123-numbers-456'
    assert slugify('MixedCASE and spaces') == 'mixedcase-and-spaces'
    assert slugify('Custom Separator', separator='_') == 'custom_separator'
```

# Generated at 2024-06-03 04:49:34.047201
```python
    assert strip_margin('''
                line 1
                line 2
                line 3
    ''') == '''
line 1
line 2
line 3
'''

    assert strip_margin('''
\t\t\t\tline 1
\t\t\t\tline 2
\t\t\t\tline 3
    ''') == '''
line 1
line 2
line 3
'''

    assert strip_margin('''
    line 1
    line 2
    line 3
    ''') == '''
line 1
line 2
line 3
'''

    assert strip_margin('line 1\nline 2\nline 3') == 'line 1\nline 2\nline 3'

    assert strip_margin('') == ''
```

# Generated at 2024-06-03 04:49:36.380360
```python
    assert roman_encode(1) == 'I'
    assert roman_encode(4) == 'IV'
    assert roman_encode(9) == 'IX'
    assert roman_encode(58) == 'LVIII'
    assert roman_encode(1994) == 'MCMXCIV'
    assert roman_encode('2020') == 'MMXX'
    assert roman_encode(3999) == 'MMMCMXCIX'
    try:
        roman_encode(0)
    except ValueError:
        pass
    try:
        roman_encode(4000)
    except ValueError:
        pass
    try:
        roman_encode(-1)
    except ValueError:
        pass
```

# Generated at 2024-06-03 04:49:39.204326
```python
    assert slugify('Top 10 Reasons To Love Dogs!!!') == 'top-10-reasons-to-love-dogs'
    assert slugify('Mönstér Mägnët') == 'monster-magnet'
    assert slugify('  Leading and trailing spaces  ') == 'leading-and-trailing-spaces'
    assert slugify('Special & Characters!') == 'special-characters'
    assert slugify('Multiple---Separators') == 'multiple-separators'
    assert slugify('') == ''
    assert slugify('SingleWord') == 'singleword'
    assert slugify('123 Numbers 456') == '123-numbers-456'
    assert slugify('MixedCASE and spaces') == 'mixedcase-and-spaces'
    assert slugify('Custom Separator', separator='_') == 'custom_separator'
```

# Generated at 2024-06-03 04:49:42.213617
```python
    assert asciify('èéùúòóäåëýñÅÀÁÇÌÍÑÓË') == 'eeuuooaaeynAAACIINOE'
    assert asciify('') == ''
    assert asciify('hello') == 'hello'
    assert asciify('1234567890') == '1234567890'
    assert asciify('!@#$%^&*()_+') == '!@#$%^&*()_+'
    assert asciify('Café') == 'Cafe'
    assert asciify('naïve') == 'naive'
    assert asciify('façade') == 'facade'
    assert asciify('coöperate') == 'cooperate'
    assert asciify('crème brûlée') == 'creme brulee'
```

# Generated at 2024-06-03 04:49:45.711842
```python
    # Test encoding
    assert __RomanNumbers.encode(1) == 'I'
    assert __RomanNumbers.encode(4) == 'IV'
    assert __RomanNumbers.encode(9) == 'IX'
    assert __RomanNumbers.encode(58) == 'LVIII'
    assert __RomanNumbers.encode(1994) == 'MCMXCIV'
    assert __RomanNumbers.encode(3999) == 'MMMCMXCIX'

    # Test decoding
    assert __RomanNumbers.decode('I') == 1
    assert __RomanNumbers.decode('IV') == 4
    assert __RomanNumbers.decode('IX') == 9
    assert __RomanNumbers.decode('LVIII') == 58
    assert __RomanNumbers.decode('MCMXCIV') == 1994
    assert __RomanNumbers.decode('MMMCMXCIX') == 3999

    # Test invalid inputs
    try:
        __RomanNumbers

# Generated at 2024-06-03 04:49:56.588668
```python
    assert booleanize('true') == True
    assert booleanize('TRUE') == True
    assert booleanize('1') == True
    assert booleanize('yes') == True
    assert booleanize('YES') == True
    assert booleanize('y') == True
    assert booleanize('Y') == True
    assert booleanize('false') == False
    assert booleanize('FALSE') == False
    assert booleanize('0') == False
    assert booleanize('no') == False
    assert booleanize('NO') == False
    assert booleanize('n') == False
    assert booleanize('N') == False
    assert booleanize('maybe') == False
    assert booleanize('') == False
    assert booleanize(' ') == False
```

# Generated at 2024-06-03 04:49:59.928272
```python
    assert camel_case_to_snake('ThisIsACamelStringTest') == 'this_is_a_camel_string_test'
    assert camel_case_to_snake('CamelCase') == 'camel_case'
    assert camel_case_to_snake('camelCase') == 'camel_case'
    assert camel_case_to_snake('Camel') == 'camel'
    assert camel_case_to_snake('camel') == 'camel'
    assert camel_case_to_snake('') == ''
    assert camel_case_to_snake('ThisIsACamelStringTest', '-') == 'this-is-a-camel-string-test'
    assert camel_case_to_snake('CamelCase', '-') == 'camel-case'
    assert camel_case_to_snake('camelCase', '-') == 'camel-case'
    assert camel_case_to_snake('Camel', '-') == 'camel'
    assert camel_case_to_snake('camel', '-') == 'camel'
    assert camel_case_to_snake('', '-') == ''


# Generated at 2024-06-03 04:50:03.063736
```python
    assert snake_case_to_camel('the_snake_is_green') == 'TheSnakeIsGreen'
    assert snake_case_to_camel('the_snake_is_green', upper_case_first=False) == 'theSnakeIsGreen'
    assert snake_case_to_camel('the-snake-is-green', separator='-') == 'TheSnakeIsGreen'
    assert snake_case_to_camel('the-snake-is-green', upper_case_first=False, separator='-') == 'theSnakeIsGreen'
    assert snake_case_to_camel('alreadyCamelCase') == 'alreadyCamelCase'
    assert snake_case_to_camel('') == ''
    assert snake_case_to_camel('singleword') == 'Singleword'
    assert snake_case_to_camel('singleword', upper_case_first=False) == 'singleword'
    assert snake_case_to_camel('snake_case_with_numbers_123') == 'SnakeCaseWithNumbers123'
    assert snake_case_to_c

# Generated at 2024-06-03 04:50:06.333252
```python
    # Test encoding
    assert __RomanNumbers.encode(1) == 'I'
    assert __RomanNumbers.encode(4) == 'IV'
    assert __RomanNumbers.encode(9) == 'IX'
    assert __RomanNumbers.encode(58) == 'LVIII'
    assert __RomanNumbers.encode(1994) == 'MCMXCIV'
    assert __RomanNumbers.encode(3999) == 'MMMCMXCIX'

    # Test decoding
    assert __RomanNumbers.decode('I') == 1
    assert __RomanNumbers.decode('IV') == 4
    assert __RomanNumbers.decode('IX') == 9
    assert __RomanNumbers.decode('LVIII') == 58
    assert __RomanNumbers.decode('MCMXCIV') == 1994
    assert __RomanNumbers.decode('MMMCMXCIX') == 3999

    # Test invalid inputs
    try:
        __RomanNumbers

# Generated at 2024-06-03 04:50:10.597859
```python
    assert prettify(' unprettified string ,, like this one,will be"prettified" .it\\' s awesome! ') == 'Unprettified string, like this one, will be "prettified". It\'s awesome!'
    assert prettify('hello world! this is a test.') == 'Hello world! This is a test.'
    assert prettify('  multiple   spaces  and  punctuation!! ') == 'Multiple spaces and punctuation!'
    assert prettify('foo(bar )baz') == 'Foo (bar) baz'
    assert prettify('100 % sure') == '100% sure'
    assert prettify('Dave\' s dog') == 'Dave\'s dog'
    assert prettify('this is a test. another test! and another?') == 'This is a test. Another test! And another?'
    assert prettify('text with "quotes" and (brackets)') ==

# Generated at 2024-06-03 04:50:13.539551
```python
    assert slugify('Top 10 Reasons To Love Dogs!!!') == 'top-10-reasons-to-love-dogs'
    assert slugify('Mönstér Mägnët') == 'monster-magnet'
    assert slugify('  Leading and trailing spaces  ') == 'leading-and-trailing-spaces'
    assert slugify('Special & Characters!') == 'special-characters'
    assert slugify('Multiple---Separators') == 'multiple-separators'
    assert slugify('') == ''
    assert slugify('SingleWord') == 'singleword'
    assert slugify('123 Numbers 456') == '123-numbers-456'
    assert slugify('Non-ASCII: èéùúòóäåëýñÅÀÁÇÌÍÑÓË') == 'non-ascii-eeuuooaaeyn-aaaciinoe'
    assert slugify('Custom Separator', separator='_') == 'custom

# Generated at 2024-06-03 04:50:16.369601
```python
    assert roman_encode(1) == 'I'
    assert roman_encode(4) == 'IV'
    assert roman_encode(9) == 'IX'
    assert roman_encode(58) == 'LVIII'
    assert roman_encode(1994) == 'MCMXCIV'
    assert roman_encode('2020') == 'MMXX'
    assert roman_encode(3999) == 'MMMCMXCIX'
    try:
        roman_encode(0)
    except ValueError:
        pass
    try:
        roman_encode(4000)
    except ValueError:
        pass
    try:
        roman_encode(-1)
    except ValueError:
        pass
    try:
        roman_encode('invalid')
    except ValueError:
        pass
```

# Generated at 2024-06-03 04:50:19.910307
```python
    assert camel_case_to_snake('ThisIsACamelStringTest') == 'this_is_a_camel_string_test'
    assert camel_case_to_snake('CamelCase') == 'camel_case'
    assert camel_case_to_snake('camelCase') == 'camel_case'
    assert camel_case_to_snake('Camel') == 'camel'
    assert camel_case_to_snake('camel') == 'camel'
    assert camel_case_to_snake('') == ''
    assert camel_case_to_snake('ThisIsACamelStringTest', '-') == 'this-is-a-camel-string-test'
    assert camel_case_to_snake('CamelCase', '-') == 'camel-case'
    assert camel_case_to_snake('camelCase', '-') == 'camel-case'
    assert camel_case_to_snake('Camel', '-') == 'camel'
    assert camel_case_to_snake('camel', '-') == 'camel'
```

# Generated at 2024-06-03 04:50:23.233708
```python
    input_string = '''
                    line 1
                    line 2
                    line 3
    '''
    expected_output = '''
line 1
line 2
line 3
'''
    assert strip_margin(input_string) == expected_output

    input_string = '''
        line 1
        line 2
        line 3
    '''
    expected_output = '''
line 1
line 2
line 3
'''
    assert strip_margin(input_string) == expected_output

    input_string = '''
\t\t\t\tline 1
\t\t\t\tline 2
\t\t\t\tline 3
    '''
    expected_output = '''
line 1
line 2
line 3
'''
    assert strip_margin(input_string) == expected_output

    input_string = 'line 1\nline 2\nline 3'
    expected_output = 'line 1\nline 2\nline 3'
   

# Generated at 2024-06-03 04:50:27.691696
```python
    input_string = "hello world"
    shuffled_string = shuffle(input_string)
    
    # Check if the shuffled string has the same characters as the input string
    assert sorted(shuffled_string) == sorted(input_string), "Shuffled string does not contain the same characters as the input string"
    
    # Check if the shuffled string is not the same as the input string (highly unlikely to be the same)
    assert shuffled_string != input_string, "Shuffled string should not be the same as the input string"
    
    # Check if the length of the shuffled string is the same as the input string
    assert len(shuffled_string) == len(input_string), "Shuffled string length does not match the input string length"
```

# Generated at 2024-06-03 04:50:41.276023
```python
    # Test encoding
    assert __RomanNumbers.encode(1) == 'I'
    assert __RomanNumbers.encode(4) == 'IV'
    assert __RomanNumbers.encode(9) == 'IX'
    assert __RomanNumbers.encode(58) == 'LVIII'
    assert __RomanNumbers.encode(1994) == 'MCMXCIV'
    assert __RomanNumbers.encode(3999) == 'MMMCMXCIX'

    # Test decoding
    assert __RomanNumbers.decode('I') == 1
    assert __RomanNumbers.decode('IV') == 4
    assert __RomanNumbers.decode('IX') == 9
    assert __RomanNumbers.decode('LVIII') == 58
    assert __RomanNumbers.decode('MCMXCIV') == 1994
    assert __RomanNumbers.decode('MMMCMXCIX') == 3999

    # Test invalid inputs
    try:
        __RomanNumbers

# Generated at 2024-06-03 04:50:42.049645
```python
    compressor = __StringCompressor()
    assert isinstance(compressor, __StringCompressor)
```

# Generated at 2024-06-03 04:50:45.354125
```python
    # Test encoding
    assert __RomanNumbers.encode(1) == 'I'
    assert __RomanNumbers.encode(4) == 'IV'
    assert __RomanNumbers.encode(9) == 'IX'
    assert __RomanNumbers.encode(58) == 'LVIII'
    assert __RomanNumbers.encode(1994) == 'MCMXCIV'
    assert __RomanNumbers.encode(3999) == 'MMMCMXCIX'

    # Test decoding
    assert __RomanNumbers.decode('I') == 1
    assert __RomanNumbers.decode('IV') == 4
    assert __RomanNumbers.decode('IX') == 9
    assert __RomanNumbers.decode('LVIII') == 58
    assert __RomanNumbers.decode('MCMXCIV') == 1994
    assert __RomanNumbers.decode('MMMCMXCIX') == 3999

    # Test invalid inputs
    try:
        __RomanNumbers

# Generated at 2024-06-03 04:50:48.694131
```python
    assert snake_case_to_camel('the_snake_is_green') == 'TheSnakeIsGreen'
    assert snake_case_to_camel('the_snake_is_green', upper_case_first=False) == 'theSnakeIsGreen'
    assert snake_case_to_camel('the-snake-is-green', separator='-') == 'TheSnakeIsGreen'
    assert snake_case_to_camel('the_snake_is_green', separator='-') == 'the_snake_is_green'  # Invalid snake case with given separator
    assert snake_case_to_camel('the_snake_is_green', upper_case_first=True, separator='_') == 'TheSnakeIsGreen'
    assert snake_case_to_camel('the_snake_is_green', upper_case_first=False, separator='_') == 'theSnakeIsGreen'
    assert snake_case_to_camel('TheSnakeIsGreen') == 'TheSnakeIsGreen'  # Not a valid snake case, should return original


# Generated at 2024-06-03 04:50:52.379233
```python
    assert strip_html('test: <a href="foo/bar">click here</a>') == 'test: '
    assert strip_html('test: <a href="foo/bar">click here</a>', keep_tag_content=True) == 'test: click here'
    assert strip_html('<p>Paragraph</p>') == ''
    assert strip_html('<p>Paragraph</p>', keep_tag_content=True) == 'Paragraph'
    assert strip_html('<div><p>Nested</p></div>') == ''
    assert strip_html('<div><p>Nested</p></div>', keep_tag_content=True) == 'Nested'
    assert strip_html('No HTML here') == 'No HTML here'
    assert strip_html('') == ''
    assert strip_html('<br>Line break<br>', keep_tag_content=True) == 'Line break'
    assert strip_html('<br>Line break<br>') == ''
```

# Generated at 2024-06-03 04:50:55.677239
```python
    original_string = ' '.join(['word n{}'.format(n) for n in range(20)])
    compressed_string = compress(original_string)
    
    # Test if decompressed string matches the original string
    assert decompress(compressed_string) == original_string
    
    # Test with different encoding
    original_string_utf16 = original_string.encode('utf-16')
    compressed_string_utf16 = compress(original_string_utf16.decode('utf-16'), encoding='utf-16')
    assert decompress(compressed_string_utf16, encoding='utf-16') == original_string_utf16.decode('utf-16')
    
    # Test with empty string
    assert decompress(compress('')) == ''
    
    # Test with special characters
    special_string = 'Th!s !s @ t3st str!ng w!th $pec!@l ch@r@cter$'
    compressed_special_string = compress(special_string)
    assert decompress(compressed_special_string

# Generated at 2024-06-03 04:50:58.376859
```python
    assert strip_margin('''
                line 1
                line 2
                line 3
    ''') == '''
line 1
line 2
line 3
'''

    assert strip_margin('''
\t\t\t\tline 1
\t\t\t\tline 2
\t\t\t\tline 3
    ''') == '''
line 1
line 2
line 3
'''

    assert strip_margin('line 1\n\tline 2\n\t\tline 3') == 'line 1\nline 2\nline 3'

    assert strip_margin('line 1\nline 2\nline 3') == 'line 1\nline 2\nline 3'

    assert strip_margin('') == ''
```

# Generated at 2024-06-03 04:51:02.946944
```python
    assert asciify('èéùúòóäåëýñÅÀÁÇÌÍÑÓË') == 'eeuuooaaeynAAACIINOE'
    assert asciify('hello') == 'hello'
    assert asciify('') == ''
    assert asciify('1234567890') == '1234567890'
    assert asciify('!@#$%^&*()_+') == '!@#$%^&*()_+'
    assert asciify('ñandú') == 'nandu'
    assert asciify('über') == 'uber'
    assert asciify('façade') == 'facade'
    assert asciify('crème brûlée') == 'creme brulee'
    assert asciify('São Paulo') == 'Sao Paulo'
```

# Generated at 2024-06-03 04:51:06.398990
```python
    input_string = "hello   world! this is a test.  let's see how it works. visit https://example.com or email me@example.com"
    expected_output = "Hello world! This is a test. Let's see how it works. Visit https://example.com or email me@example.com"
    
    formatter = __StringFormatter(input_string)
    assert formatter.format() == expected_output

    input_string = "  multiple   spaces   should be   reduced.  "
    expected_output = "Multiple spaces should be reduced."
    
    formatter = __StringFormatter(input_string)
    assert formatter.format() == expected_output

    input_string = "fixing  saxon 's genitive  should  work  correctly."
    expected_output = "Fixing saxon's genitive should work correctly."
    
    formatter = __StringFormatter(input_string)
    assert formatter.format() == expected_output

    input_string = "email: test@example.com and url: http

# Generated at 2024-06-03 04:51:09.297950
```python
    input_string = "hello   world!  this is a test.  visit https://example.com or email me@example.com"
    expected_output = "Hello world! This is a test. Visit https://example.com or email me@example.com"
    formatter = __StringFormatter(input_string)
    assert formatter.format() == expected_output

    input_string = "  multiple   spaces   and  tabs\t\t\tshould be cleaned.  "
    expected_output = "Multiple spaces and tabs should be cleaned."
    formatter = __StringFormatter(input_string)
    assert formatter.format() == expected_output

    input_string = "fixing  saxon 's  genitive  and  other's  issues."
    expected_output = "Fixing saxon's genitive and other's issues."
    formatter = __StringFormatter(input_string)
    assert formatter.format() == expected_output

    input_string = "remove duplicates!! and ensure proper spacing."
    expected_output = "Remove

# Generated at 2024-06-03 04:51:19.917150
```python
    assert slugify('Top 10 Reasons To Love Dogs!!!') == 'top-10-reasons-to-love-dogs'
    assert slugify('Mönstér Mägnët') == 'monster-magnet'
    assert slugify('  Leading and trailing spaces  ') == 'leading-and-trailing-spaces'
    assert slugify('Special & Characters!') == 'special-characters'
    assert slugify('Multiple   Spaces') == 'multiple-spaces'
    assert slugify('') == ''
    assert slugify('Already-Slugified-String') == 'already-slugified-string'
    assert slugify('123 Numbers 456') == '123-numbers-456'
    assert slugify('MixedCASE and lowerCASE') == 'mixedcase-and-lowercase'
    assert slugify('Symbols #$%&*()') == 'symbols'
```

# Generated at 2024-06-03 04:51:23.957246
```python
    assert asciify('èéùúòóäåëýñÅÀÁÇÌÍÑÓË') == 'eeuuooaaeynAAACIINOE'
    assert asciify('Café') == 'Cafe'
    assert asciify('naïve') == 'naive'
    assert asciify('façade') == 'facade'
    assert asciify('coöperate') == 'cooperate'
    assert asciify('') == ''
    assert asciify('ASCII') == 'ASCII'
    assert asciify('1234567890') == '1234567890'
    assert asciify('!@#$%^&*()_+-=') == '!@#$%^&*()_+-='
    assert asciify('中文字符') == ''
```

# Generated at 2024-06-03 04:51:26.994274
```python
    assert camel_case_to_snake('ThisIsACamelStringTest') == 'this_is_a_camel_string_test'
    assert camel_case_to_snake('CamelCase') == 'camel_case'
    assert camel_case_to_snake('camelCase') == 'camel_case'
    assert camel_case_to_snake('Camel') == 'camel'
    assert camel_case_to_snake('camel') == 'camel'
    assert camel_case_to_snake('') == ''
    assert camel_case_to_snake('ThisIsACamelStringTest', '-') == 'this-is-a-camel-string-test'
    assert camel_case_to_snake('CamelCase', '-') == 'camel-case'
    assert camel_case_to_snake('camelCase', '-') == 'camel-case'
    assert camel_case_to_snake('Camel', '-') == 'camel'
    assert camel_case_to_snake('camel', '-') == 'camel'
    assert camel_case_to_snake('', '-') == ''


# Generated at 2024-06-03 04:51:30.407945
```python
    assert asciify('èéùúòóäåëýñÅÀÁÇÌÍÑÓË') == 'eeuuooaaeynAAACIINOE'
    assert asciify('') == ''
    assert asciify('normalstring') == 'normalstring'
    assert asciify('1234567890') == '1234567890'
    assert asciify('!@#$%^&*()_+') == '!@#$%^&*()_+'
    assert asciify('ñandú') == 'nandu'
    assert asciify('über') == 'uber'
    assert asciify('façade') == 'facade'
    assert asciify('crème brûlée') == 'creme brulee'
    assert asciify('naïve') == 'naive'
```

# Generated at 2024-06-03 04:51:33.530886
```python
    assert snake_case_to_camel('the_snake_is_green') == 'TheSnakeIsGreen'
    assert snake_case_to_camel('the_snake_is_green', upper_case_first=False) == 'theSnakeIsGreen'
    assert snake_case_to_camel('the_snake_is_green', separator='-') == 'the_snake_is_green'
    assert snake_case_to_camel('the-snake-is-green', separator='-') == 'TheSnakeIsGreen'
    assert snake_case_to_camel('the_snake_is_green', upper_case_first=True, separator='_') == 'TheSnakeIsGreen'
    assert snake_case_to_camel('the_snake_is_green', upper_case_first=False, separator='_') == 'theSnakeIsGreen'
    assert snake_case_to_camel('the_snake_is_green', upper_case_first=True, separator='-') == 'the_snake_is_green'
    assert snake_case_to_camel('the-s

# Generated at 2024-06-03 04:51:36.480138
```python
    input_string = "hello world"
    shuffled_string = shuffle(input_string)
    
    # Check if the shuffled string has the same characters as the input string
    assert sorted(shuffled_string) == sorted(input_string), "Shuffled string does not contain the same characters as the input string"
    
    # Check if the shuffled string is not the same as the input string (highly unlikely to be the same)
    assert shuffled_string != input_string, "Shuffled string should not be the same as the input string"
    
    # Check if the length of the shuffled string is the same as the input string
    assert len(shuffled_string) == len(input_string), "Shuffled string length does not match input string length"
```

# Generated at 2024-06-03 04:51:39.756407
```python
    assert roman_decode('I') == 1
    assert roman_decode('IV') == 4
    assert roman_decode('IX') == 9
    assert roman_decode('XII') == 12
    assert roman_decode('XXI') == 21
    assert roman_decode('XL') == 40
    assert roman_decode('L') == 50
    assert roman_decode('XC') == 90
    assert roman_decode('C') == 100
    assert roman_decode('CD') == 400
    assert roman_decode('D') == 500
    assert roman_decode('CM') == 900
    assert roman_decode('M') == 1000
    assert roman_decode('MMMCMXCIX') == 3999
    assert roman_decode('MMXX') == 2020
```

# Generated at 2024-06-03 04:51:42.605936
```python
    assert camel_case_to_snake('ThisIsACamelStringTest') == 'this_is_a_camel_string_test'
    assert camel_case_to_snake('CamelCase') == 'camel_case'
    assert camel_case_to_snake('camelCase') == 'camel_case'
    assert camel_case_to_snake('Camel') == 'camel'
    assert camel_case_to_snake('camel') == 'camel'
    assert camel_case_to_snake('') == ''
    assert camel_case_to_snake('ThisIsACamelStringTest', '-') == 'this-is-a-camel-string-test'
    assert camel_case_to_snake('CamelCase', '-') == 'camel-case'
    assert camel_case_to_snake('camelCase', '-') == 'camel-case'
    assert camel_case_to_snake('Camel', '-') == 'camel'
    assert camel_case_to_snake('camel', '-') == 'camel'
    assert camel_case_to_snake('', '-') == ''


# Generated at 2024-06-03 04:51:45.485255
```python
    assert snake_case_to_camel('the_snake_is_green') == 'TheSnakeIsGreen'
    assert snake_case_to_camel('the_snake_is_green', upper_case_first=False) == 'theSnakeIsGreen'
    assert snake_case_to_camel('the_snake_is_green', separator='-') == 'the_snake_is_green'
    assert snake_case_to_camel('the-snake-is-green', separator='-') == 'TheSnakeIsGreen'
    assert snake_case_to_camel('the_snake_is_green', upper_case_first=True, separator='_') == 'TheSnakeIsGreen'
    assert snake_case_to_camel('the_snake_is_green', upper_case_first=False, separator='_') == 'theSnakeIsGreen'
    assert snake_case_to_camel('the_snake_is_green', upper_case_first=True, separator='-') == 'the_snake_is_green'
    assert snake_case_to_camel('the-s

# Generated at 2024-06-03 04:51:48.298539
```python
    input_string = "hello   world! this is a test.  email@example.com  http://example.com"
    expected_output = "Hello world! This is a test. email@example.com http://example.com"
    formatter = __StringFormatter(input_string)
    assert formatter.format() == expected_output

    input_string = "  multiple   spaces   and  tabs\t\t"
    expected_output = "Multiple spaces and tabs"
    formatter = __StringFormatter(input_string)
    assert formatter.format() == expected_output

    input_string = "fixing  saxon 's genitive  issue's  "
    expected_output = "Fixing saxon's genitive issue's"
    formatter = __StringFormatter(input_string)
    assert formatter.format() == expected_output

    input_string = "duplicateee letters andddd spaces"
    expected_output = "Duplicate letters and spaces"
    formatter = __StringFormatter(input_string)
    assert formatter.format() == expected_output

# Generated at 2024-06-03 04:51:58.205232
```python
    input_string = "hello   world! this is a test.  email@example.com  http://example.com"
    expected_output = "Hello world! This is a test. email@example.com http://example.com"
    formatter = __StringFormatter(input_string)
    assert formatter.format() == expected_output

    input_string = "  multiple   spaces   and  tabs\t\tin  this string.  "
    expected_output = "Multiple spaces and tabs in this string."
    formatter = __StringFormatter(input_string)
    assert formatter.format() == expected_output

    input_string = "fixing  saxon 's  genitive  and  other's  issues."
    expected_output = "Fixing saxon's genitive and other's issues."
    formatter = __StringFormatter(input_string)
    assert formatter.format() == expected_output

    input_string = "urls like http://example.com and emails like test@example.com should be preserved."
    expected_output =

# Generated at 2024-06-03 04:52:01.553996
```python
    assert prettify(' unprettified string ,, like this one,will be"prettified" .it\\' s awesome! ') == 'Unprettified string, like this one, will be "prettified". It\'s awesome!'
    assert prettify('hello world! this is a test.') == 'Hello world! This is a test.'
    assert prettify('  multiple   spaces  and  punctuation!! ') == 'Multiple spaces and punctuation!'
    assert prettify('foo(bar )baz') == 'Foo (bar) baz'
    assert prettify('100 % sure') == '100% sure'
    assert prettify('Dave\' s dog') == 'Dave\'s dog'
    assert prettify('this is a test. another test! and a question?') == 'This is a test. Another test! And a question?'
    assert prettify('text with "quotes" and (brackets)

# Generated at 2024-06-03 04:52:03.764075
```python
    assert roman_encode(1) == 'I'
    assert roman_encode(4) == 'IV'
    assert roman_encode(9) == 'IX'
    assert roman_encode(58) == 'LVIII'
    assert roman_encode(1994) == 'MCMXCIV'
    assert roman_encode('2020') == 'MMXX'
    assert roman_encode(3999) == 'MMMCMXCIX'
    try:
        roman_encode(0)
    except ValueError:
        pass
    try:
        roman_encode(4000)
    except ValueError:
        pass
    try:
        roman_encode(-1)
    except ValueError:
        pass
```

# Generated at 2024-06-03 04:52:06.814382
```python
    original_string = 'This is a test string to be compressed and then decompressed.'
    compressed_string = compress(original_string)
    decompressed_string = decompress(compressed_string)
    assert decompressed_string == original_string, f"Expected '{original_string}', but got '{decompressed_string}'"

    # Test with different encoding
    original_string_utf16 = 'This is a test string with UTF-16 encoding.'.encode('utf-16')
    compressed_string_utf16 = compress(original_string_utf16.decode('utf-16'), encoding='utf-16')
    decompressed_string_utf16 = decompress(compressed_string_utf16, encoding='utf-16')
    assert decompressed_string_utf16 == original_string_utf16.decode('utf-16'), f"Expected '{original_string_utf16.decode('utf-16')}', but got '{decompressed_string_utf16}'"

    # Test with empty string
    empty_string = ''
    compressed_empty_string = compress(empty_string

# Generated at 2024-06-03 04:52:10.280301
```python
    # Test encoding
    assert __RomanNumbers.encode(1) == 'I'
    assert __RomanNumbers.encode(4) == 'IV'
    assert __RomanNumbers.encode(9) == 'IX'
    assert __RomanNumbers.encode(58) == 'LVIII'
    assert __RomanNumbers.encode(1994) == 'MCMXCIV'
    assert __RomanNumbers.encode(3999) == 'MMMCMXCIX'

    # Test decoding
    assert __RomanNumbers.decode('I') == 1
    assert __RomanNumbers.decode('IV') == 4
    assert __RomanNumbers.decode('IX') == 9
    assert __RomanNumbers.decode('LVIII') == 58
    assert __RomanNumbers.decode('MCMXCIV') == 1994
    assert __RomanNumbers.decode('MMMCMXCIX') == 3999

    # Test invalid inputs
    try:
        __RomanNumbers

# Generated at 2024-06-03 04:52:17.987235
```python
    assert camel_case_to_snake('ThisIsACamelStringTest') == 'this_is_a_camel_string_test'
    assert camel_case_to_snake('CamelCase') == 'camel_case'
    assert camel_case_to_snake('camelCase') == 'camel_case'
    assert camel_case_to_snake('Camel') == 'camel'
    assert camel_case_to_snake('camel') == 'camel'
    assert camel_case_to_snake('') == ''
    assert camel_case_to_snake('ThisIsACamelStringTest', '-') == 'this-is-a-camel-string-test'
    assert camel_case_to_snake('CamelCase', '-') == 'camel-case'
    assert camel_case_to_snake('camelCase', '-') == 'camel-case'
    assert camel_case_to_snake('Camel', '-') == 'camel'
    assert camel_case_to_snake('camel', '-') == 'camel'
```

# Generated at 2024-06-03 04:52:20.712969
```python
    assert roman_encode(1) == 'I'
    assert roman_encode(4) == 'IV'
    assert roman_encode(9) == 'IX'
    assert roman_encode(37) == 'XXXVII'
    assert roman_encode(2020) == 'MMXX'
    assert roman_encode(3999) == 'MMMCMXCIX'
    assert roman_encode('2020') == 'MMXX'
    assert roman_encode('3999') == 'MMMCMXCIX'
    try:
        roman_encode(0)
    except ValueError:
        pass
    try:
        roman_encode(4000)
    except ValueError:
        pass
    try:
        roman_encode('0')
    except ValueError:
        pass
    try:
        roman_encode('4000')
    except ValueError:
        pass
```

# Generated at 2024-06-03 04:52:24.246711
```python
    assert strip_margin('''
                line 1
                line 2
                line 3
    ''') == '''
line 1
line 2
line 3
'''

    assert strip_margin('''
        \t\t\t\tline 1
        \t\t\t\tline 2
        \t\t\t\tline 3
    ''') == '''
line 1
line 2
line 3
'''

    assert strip_margin('''
        line 1
        line 2
        line 3
    ''') == '''
line 1
line 2
line 3
'''

    assert strip_margin('line 1\nline 2\nline 3') == 'line 1\nline 2\nline 3'

    assert strip_margin('') == ''
```

# Generated at 2024-06-03 04:52:27.467955
```python
    input_string = "hello world"
    shuffled_string = shuffle(input_string)
    
    # Check if the shuffled string has the same characters as the input string
    assert sorted(shuffled_string) == sorted(input_string), "Shuffled string does not contain the same characters as the input string"
    
    # Check if the shuffled string is not the same as the input string (highly unlikely to be the same)
    assert shuffled_string != input_string, "Shuffled string should not be the same as the input string"
    
    # Check if the length of the shuffled string is the same as the input string
    assert len(shuffled_string) == len(input_string), "Shuffled string length does not match the input string length"
    
    print("All tests passed for shuffle function.")
```

# Generated at 2024-06-03 04:52:30.368236
```python
    assert asciify('èéùúòóäåëýñÅÀÁÇÌÍÑÓË') == 'eeuuooaaeynAAACIINOE'
    assert asciify('') == ''
    assert asciify('hello') == 'hello'
    assert asciify('123') == '123'
    assert asciify('ñandú') == 'nandu'
    assert asciify('über') == 'uber'
    assert asciify('façade') == 'facade'
    assert asciify('crème brûlée') == 'creme brulee'
    assert asciify('naïve') == 'naive'
    assert asciify('coöperate') == 'cooperate'
```

# Generated at 2024-06-03 04:52:46.926895
```python
    assert prettify(' unprettified string ,, like this one,will be"prettified" .it\\' s awesome! ') == 'Unprettified string, like this one, will be "prettified". It\'s awesome!'
    assert prettify('hello   world') == 'Hello world'
    assert prettify('this is a test. this is only a test!') == 'This is a test. This is only a test!'
    assert prettify('100 % sure') == '100% sure'
    assert prettify('foo(bar )baz') == 'Foo (bar) baz'
    assert prettify('Dave\' s dog') == 'Dave\'s dog'
    assert prettify('multiple   spaces') == 'Multiple spaces'
    assert prettify('text with "quotes" and (brackets)') == 'Text with "quotes" and (brackets)'
    assert prettify('arithmetic

# Generated at 2024-06-03 04:52:50.177471
```python
    assert prettify(' unprettified string ,, like this one,will be"prettified" .it\\' s awesome! ') == 'Unprettified string, like this one, will be "prettified". It\'s awesome!'
    assert prettify('hello world! this is a test.') == 'Hello world! This is a test.'
    assert prettify('  multiple   spaces  ') == 'Multiple spaces'
    assert prettify('no changes needed') == 'No changes needed'
    assert prettify('100 % sure') == '100% sure'
    assert prettify('Dave\' s dog') == 'Dave\'s dog'
    assert prettify('foo(bar )baz') == 'Foo (bar) baz'
    assert prettify('foo" bar"baz') == 'Foo "bar" baz'
    assert prettify('1+1=2') == '1 + 1 = 2

# Generated at 2024-06-03 04:52:52.375358
```python
    # Test with valid string input
    formatter = __StringFormatter("hello world")
    assert formatter.input_string == "hello world"

    # Test with empty string input
    formatter = __StringFormatter("")
    assert formatter.input_string == ""

    # Test with invalid input (non-string)
    try:
        formatter = __StringFormatter(123)
    except InvalidInputError:
        pass
    else:
        assert False, "Expected InvalidInputError"

    try:
        formatter = __StringFormatter(None)
    except InvalidInputError:
        pass
    else:
        assert False, "Expected InvalidInputError"
```

# Generated at 2024-06-03 04:52:55.885435
```python
    assert slugify('Top 10 Reasons To Love Dogs!!!') == 'top-10-reasons-to-love-dogs'
    assert slugify('Mönstér Mägnët') == 'monster-magnet'
    assert slugify('  Leading and trailing spaces  ') == 'leading-and-trailing-spaces'
    assert slugify('Special & Characters!') == 'special-characters'
    assert slugify('Multiple---Separators') == 'multiple-separators'
    assert slugify('') == ''
    assert slugify('SingleWord') == 'singleword'
    assert slugify('123 Numbers 456') == '123-numbers-456'
    assert slugify('MixedCASEinput') == 'mixedcaseinput'
    assert slugify('Custom Separator', separator='_') == 'custom_separator'
```

# Generated at 2024-06-03 04:52:58.539659
```python
    assert strip_margin('''
                line 1
                line 2
                line 3
    ''') == '''
line 1
line 2
line 3
'''

    assert strip_margin('''
        line 1
        line 2
        line 3
    ''') == '''
line 1
line 2
line 3
'''

    assert strip_margin('line 1\nline 2\nline 3') == 'line 1\nline 2\nline 3'

    assert strip_margin('') == ''

    assert strip_margin('    line 1\n    line 2\n    line 3') == 'line 1\nline 2\nline 3'
```

# Generated at 2024-06-03 04:53:01.988599
```python
    assert snake_case_to_camel('the_snake_is_green') == 'TheSnakeIsGreen'
    assert snake_case_to_camel('the_snake_is_green', upper_case_first=False) == 'theSnakeIsGreen'
    assert snake_case_to_camel('the_snake_is_green', separator='-') == 'the_snake_is_green'
    assert snake_case_to_camel('the-snake-is-green', separator='-') == 'TheSnakeIsGreen'
    assert snake_case_to_camel('the_snake_is_green', upper_case_first=True, separator='_') == 'TheSnakeIsGreen'
    assert snake_case_to_camel('the_snake_is_green', upper_case_first=False, separator='_') == 'theSnakeIsGreen'
    assert snake_case_to_camel('the_snake_is_green', upper_case_first=True, separator='-') == 'the_snake_is_green'
    assert snake_case_to_camel('the-s

# Generated at 2024-06-03 04:53:06.108036
```python
    formatter = __StringFormatter("hello   world! this is a test.  email@example.com  http://example.com")
    formatted_string = formatter.format()
    assert formatted_string == "Hello world! This is a test. email@example.com http://example.com"

    formatter = __StringFormatter("  multiple   spaces   and  tabs\t\t")
    formatted_string = formatter.format()
    assert formatted_string == "Multiple spaces and tabs"

    formatter = __StringFormatter("fixing's  saxon  genitive's  issue")
    formatted_string = formatter.format()
    assert formatted_string == "Fixing's saxon genitive's issue"

    formatter = __StringFormatter("duplicateee letters andddd spaces")
    formatted_string = formatter.format()
    assert formatted_string == "Duplicate letters and spaces"

    formatter = __StringFormatter("uppercase after signs: a.b,c!d?e")
    formatted_string = formatter.format()
    assert formatted_string ==

# Generated at 2024-06-03 04:53:09.277523
```python
    assert strip_html('test: <a href="foo/bar">click here</a>') == 'test: '
    assert strip_html('test: <a href="foo/bar">click here</a>', keep_tag_content=True) == 'test: click here'
    assert strip_html('<p>Paragraph</p>') == ''
    assert strip_html('<p>Paragraph</p>', keep_tag_content=True) == 'Paragraph'
    assert strip_html('<div><p>Nested</p></div>') == ''
    assert strip_html('<div><p>Nested</p></div>', keep_tag_content=True) == 'Nested'
    assert strip_html('No HTML here') == 'No HTML here'
    assert strip_html('') == ''
    assert strip_html('<br>Line break<br>', keep_tag_content=True) == 'Line break'
    assert strip_html('<br>Line break<br>') == ''
```

# Generated at 2024-06-03 04:53:12.147666
```python
    assert slugify('Top 10 Reasons To Love Dogs!!!') == 'top-10-reasons-to-love-dogs'
    assert slugify('Mönstér Mägnët') == 'monster-magnet'
    assert slugify('  Leading and trailing spaces  ') == 'leading-and-trailing-spaces'
    assert slugify('Special & Characters!') == 'special-characters'
    assert slugify('Multiple---Separators') == 'multiple-separators'
    assert slugify('') == ''
    assert slugify('SingleWord') == 'singleword'
    assert slugify('123 Numbers 456') == '123-numbers-456'
    assert slugify('MixedCASE and spaces') == 'mixedcase-and-spaces'
    assert slugify('Custom Separator', separator='_') == 'custom_separator'
```

# Generated at 2024-06-03 04:53:15.138066
```python
    input_string = "hello world"
    shuffled_string = shuffle(input_string)
    
    # Check if the shuffled string has the same characters as the input string
    assert sorted(shuffled_string) == sorted(input_string), "Shuffled string does not contain the same characters as the input string"
    
    # Check if the shuffled string is not the same as the input string (highly unlikely to be the same)
    assert shuffled_string != input_string, "Shuffled string should not be the same as the input string"
    
    # Check if the length of the shuffled string is the same as the input string
    assert len(shuffled_string) == len(input_string), "Shuffled string length does not match the input string length"
```