

# Generated at 2024-03-18 01:01:39.749203
```python
    # Test cases for camel_dict_to_snake_dict function
    def assert_dicts_equal(dict1, dict2):
        assert dict1 == dict2, f"Expected {dict1} to equal {dict2}"

    # Test with simple camelCase to snake_case conversion
    camel_case_dict = {'CamelCaseKey': 'value', 'AnotherKey': 'anotherValue'}
    expected_snake_case_dict = {'camel_case_key': 'value', 'another_key': 'anotherValue'}
    assert_dicts_equal(camel_dict_to_snake_dict(camel_case_dict), expected_snake_case_dict)

    # Test with nested camelCase to snake_case conversion
    nested_camel_case_dict = {
        'TopLevel': {
            'SecondLevel': {
                'ThirdLevelKey': 'value'
            },
            'AnotherSecondLevel': 'anotherValue'
        }
    }
    expected_nested_snake_case_dict = {
        'top_level': {
           

# Generated at 2024-03-18 01:01:44.691505
```python
    # Test cases for dict_merge function
    def test_simple_merge():
        a = {'x': 1, 'y': 2}
        b = {'y': 3, 'z': 4}
        expected = {'x': 1, 'y': 3, 'z': 4}
        assert dict_merge(a, b) == expected

    def test_nested_merge():
        a = {'a': {'x': 1}, 'b': 2}
        b = {'a': {'y': 3}, 'b': {'c': 4}}
        expected = {'a': {'x': 1, 'y': 3}, 'b': {'c': 4}}
        assert dict_merge(a, b) == expected

    def test_deep_merge():
        a = {'a': {'x': {'y': 1}}}
        b = {'a': {'x': {'z': 2}},

# Generated at 2024-03-18 01:01:49.510597
```python
    # Test cases for camel_dict_to_snake_dict function
    def assert_dicts_equal(dict1, dict2):
        assert dict1 == dict2, f"Expected {dict1} to equal {dict2}"

    # Test with simple camelCase to snake_case conversion
    camel_case_dict = {'simpleTest': 'value', 'anotherOne': 'value2'}
    expected_snake_case_dict = {'simple_test': 'value', 'another_one': 'value2'}
    assert_dicts_equal(camel_dict_to_snake_dict(camel_case_dict), expected_snake_case_dict)

    # Test with nested camelCase to snake_case conversion
    nested_camel_case_dict = {'outerKey': {'innerKey': 'value'}}
    expected_nested_snake_case_dict = {'outer_key': {'inner_key': 'value'}}
    assert_dicts_equal(camel_dict_to_snake_dict(nested_camel_case_dict), expected_nested_snake_case_dict)

    #

# Generated at 2024-03-18 01:01:54.503375
```python
    # Test cases for camel_dict_to_snake_dict function
    def assert_dicts_equal(dict1, dict2):
        assert dict1 == dict2, f"Expected {dict1} to equal {dict2}"

    # Test with simple camelCase keys
    camel_case_dict = {'simpleTest': 'value', 'anotherOne': 123}
    expected_snake_dict = {'simple_test': 'value', 'another_one': 123}
    assert_dicts_equal(camel_dict_to_snake_dict(camel_case_dict), expected_snake_dict)

    # Test with nested camelCase keys
    nested_camel_case_dict = {'outerKey': {'innerKey': 'value'}}
    expected_nested_snake_dict = {'outer_key': {'inner_key': 'value'}}
    assert_dicts_equal(camel_dict_to_snake_dict(nested_camel_case_dict), expected_nested_snake_dict)

    # Test with reversible option
    reversible_camel_case_dict =

# Generated at 2024-03-18 01:01:59.051677
```python
    # Test cases for camel_dict_to_snake_dict function
    def assert_dicts_equal(dict1, dict2):
        assert dict1 == dict2, f"Expected {dict1} to equal {dict2}"

    # Test with simple camelCase to snake_case conversion
    camel_case_input = {'CamelCaseKey': 'value', 'AnotherKey': 'anotherValue'}
    expected_snake_case_output = {'camel_case_key': 'value', 'another_key': 'anotherValue'}
    assert_dicts_equal(camel_dict_to_snake_dict(camel_case_input), expected_snake_case_output)

    # Test with nested dictionaries
    camel_case_input = {
        'CamelCaseKey': 'value',
        'NestedDict': {
            'InnerCamelCaseKey': 'innerValue'
        }
    }
    expected_snake_case_output = {
        'camel_case_key': 'value',
        'nested_dict': {
            'inner_camel

# Generated at 2024-03-18 01:02:03.819172
```python
    # Test cases for camel_dict_to_snake_dict function
    def assert_dicts_equal(dict1, dict2):
        assert dict1 == dict2, f"Expected {dict1} to equal {dict2}"

    # Test with simple camelCase to snake_case conversion
    camel_case_dict = {'CamelCaseKey': 'value', 'AnotherKey': 'anotherValue'}
    expected_snake_case_dict = {'camel_case_key': 'value', 'another_key': 'anotherValue'}
    assert_dicts_equal(camel_dict_to_snake_dict(camel_case_dict), expected_snake_case_dict)

    # Test with nested camelCase to snake_case conversion
    nested_camel_case_dict = {
        'TopLevel': {
            'NestedCamelCaseKey': 'nestedValue',
            'AnotherNestedKey': 'anotherNestedValue'
        },
        'AnotherTopLevelKey': 'anotherTopLevelValue'
    }
    expected_nested_snake_case_dict

# Generated at 2024-03-18 01:02:11.693245
```python
    # Test cases for recursive_diff function
    def assert_diff(dict1, dict2, expected):
        diff = recursive_diff(dict1, dict2)
        assert diff == expected, f"Expected {expected}, got {diff}"

    # Test with no differences
    assert_diff({}, {}, None)
    assert_diff({'a': 1}, {'a': 1}, None)

    # Test with simple differences
    assert_diff({'a': 1}, {'a': 2}, ({'a': 1}, {'a': 2}))
    assert_diff({'a': 1}, {'b': 1}, ({'a': 1}, {'b': 1}))

    # Test with nested differences
    assert_diff({'a': {'b': 1}}, {'a': {'b': 2}}, ({'a': {'b': 1}}, {'a': {'b': 2}}))
    assert_diff({'a': {'

# Generated at 2024-03-18 01:02:19.719021
```python
    # Test cases for recursive_diff function
    def assert_diff(dict1, dict2, expected):
        diff = recursive_diff(dict1, dict2)
        assert diff == expected, f"Expected {expected}, got {diff}"

    # Test with simple non-nested dictionaries
    assert_diff({'a': 1, 'b': 2}, {'a': 1, 'b': 3}, ({'b': 2}, {'b': 3}))
    assert_diff({'a': 1}, {'b': 1}, ({'a': 1}, {'b': 1}))
    assert_diff({}, {'a': 1}, ({}, {'a': 1}))
    assert_diff({'a': 1}, {}, ({'a': 1}, {}))

    # Test with nested dictionaries
    assert_diff({'a': {'b': 1}}, {'a': {'b': 2}}, ({'a': {'b

# Generated at 2024-03-18 01:02:27.260409
```python
    # Test cases for camel_dict_to_snake_dict function
    def assert_dicts_equal(dict1, dict2):
        assert dict1 == dict2, f"Expected {dict1} to equal {dict2}"

    # Test with simple camelCase to snake_case conversion
    camel_case_input = {'CamelCaseKey': 'value', 'AnotherKey': 'anotherValue'}
    expected_snake_case_output = {'camel_case_key': 'value', 'another_key': 'anotherValue'}
    assert_dicts_equal(camel_dict_to_snake_dict(camel_case_input), expected_snake_case_output)

    # Test with nested dictionaries
    camel_case_input = {
        'CamelCaseKey': 'value',
        'NestedDict': {
            'InnerCamelCase': 'innerValue'
        }
    }
    expected_snake_case_output = {
        'camel_case_key': 'value',
        'nested_dict': {
            'inner_camel_case

# Generated at 2024-03-18 01:02:32.233261
```python
    # Test cases for dict_merge function
    def assert_dicts_equal(dict1, dict2):
        assert dict1 == dict2, "Expected {} to equal {}".format(dict1, dict2)

    # Test merging with empty dictionary
    assert_dicts_equal(dict_merge({}, {'a': 1}), {'a': 1})
    assert_dicts_equal(dict_merge({'a': 1}, {}), {'a': 1})

    # Test merging with non-overlapping keys
    assert_dicts_equal(dict_merge({'a': 1}, {'b': 2}), {'a': 1, 'b': 2})

    # Test merging with overlapping keys and different values
    assert_dicts_equal(dict_merge({'a': 1}, {'a': 2}), {'a': 2})

    # Test merging with overlapping keys and same values
    assert_dicts_equal(dict_merge({'a': 1}, {'a': 1}), {'a': 1

# Generated at 2024-03-18 01:02:43.034966
```python
    # Test cases for recursive_diff function
    def assert_diff(dict1, dict2, expected):
        diff = recursive_diff(dict1, dict2)
        assert diff == expected, f"Expected {expected}, got {diff}"

    # Test with no differences
    assert_diff({}, {}, None)
    assert_diff({'a': 1}, {'a': 1}, None)

    # Test with simple differences
    assert_diff({'a': 1}, {'a': 2}, ({'a': 1}, {'a': 2}))
    assert_diff({'a': 1}, {'b': 1}, ({'a': 1}, {'b': 1}))

    # Test with nested differences
    assert_diff({'a': {'b': 1}}, {'a': {'b': 2}}, ({'a': {'b': 1}}, {'a': {'b': 2}}))
    assert_diff({'a': {'

# Generated at 2024-03-18 01:02:49.617079
```python
    # Test cases for recursive_diff function
    assert recursive_diff({}, {}) is None, "Empty dictionaries should return None"
    assert recursive_diff({'a': 1}, {'a': 1}) is None, "Identical dictionaries should return None"
    assert recursive_diff({'a': 1}, {'b': 1}) == ({'a': 1}, {'b': 1}), "Different keys should be returned in the diff"
    assert recursive_diff({'a': 1}, {'a': 2}) == ({'a': 1}, {'a': 2}), "Different values should be returned in the diff"
    assert recursive_diff({'a': {'b': 1}}, {'a': {'b': 2}}) == ({'a': {'b': 1}}, {'a': {'b': 2}}), "Differences in nested dictionaries should be returned"
    assert recursive_diff({'a': {'b': 

# Generated at 2024-03-18 01:02:54.504687
```python
    # Test cases for camel_dict_to_snake_dict function
    def assert_dicts_equal(dict1, dict2):
        assert dict1 == dict2, f"Expected {dict1} to equal {dict2}"

    # Test with simple camelCase to snake_case conversion
    camel_case_dict = {'CamelCaseKey': 'value', 'AnotherKey': 'anotherValue'}
    expected_snake_case_dict = {'camel_case_key': 'value', 'another_key': 'anotherValue'}
    assert_dicts_equal(camel_dict_to_snake_dict(camel_case_dict), expected_snake_case_dict)

    # Test with nested dictionaries
    camel_case_dict = {'CamelCaseKey': {'NestedCamelCaseKey': 'nestedValue'}}
    expected_snake_case_dict = {'camel_case_key': {'nested_camel_case_key': 'nestedValue'}}
    assert_dicts_equal(camel_dict_to_snake_dict(camel_case_dict), expected_snake_case_dict

# Generated at 2024-03-18 01:03:00.468467
```python
    # Test cases for recursive_diff function
    def assert_diff(dict1, dict2, expected):
        diff = recursive_diff(dict1, dict2)
        assert diff == expected, f"Expected {expected}, got {diff}"

    # Test with no differences
    assert_diff({}, {}, None)
    assert_diff({'key': 'value'}, {'key': 'value'}, None)

    # Test with simple differences
    assert_diff({'key1': 'value1'}, {'key2': 'value2'}, ({'key1': 'value1'}, {'key2': 'value2'}))
    assert_diff({'key': 'value1'}, {'key': 'value2'}, ({'key': 'value1'}, {'key': 'value2'}))

    # Test with nested differences
    assert_diff({'nested': {'key': 'value1'}}, {'nested': {'key': 'value2'}}, ({'nested': {'key': 'value

# Generated at 2024-03-18 01:03:05.661543
```python
    # Test cases for camel_dict_to_snake_dict function
    def assert_dicts_equal(dict1, dict2):
        assert dict1 == dict2, f"Expected {dict1} to equal {dict2}"

    # Test with simple camelCase keys
    camel_case_dict = {'simpleTest': 1, 'anotherOne': 2}
    expected_snake_dict = {'simple_test': 1, 'another_one': 2}
    assert_dicts_equal(camel_dict_to_snake_dict(camel_case_dict), expected_snake_dict)

    # Test with nested camelCase keys
    nested_camel_dict = {'outerKey': {'innerKey': 'value'}}
    expected_nested_snake_dict = {'outer_key': {'inner_key': 'value'}}
    assert_dicts_equal(camel_dict_to_snake_dict(nested_camel_dict), expected_nested_snake_dict)

    # Test with reversible option
    reversible_camel_dict = {'HTTPResponse

# Generated at 2024-03-18 01:03:11.146272
```python
    # Test cases for recursive_diff function
    def assert_diff(dict1, dict2, expected):
        diff = recursive_diff(dict1, dict2)
        assert diff == expected, f"Expected {expected}, got {diff}"

    # Test with no differences
    assert_diff({}, {}, None)
    assert_diff({'a': 1, 'b': 2}, {'a': 1, 'b': 2}, None)

    # Test with simple differences
    assert_diff({'a': 1}, {'a': 2}, ({'a': 1}, {'a': 2}))
    assert_diff({'a': 1}, {'b': 1}, ({'a': 1}, {'b': 1}))

    # Test with nested dictionaries
    assert_diff({'a': {'b': 1}}, {'a': {'b': 2}}, ({'a': {'b': 1}}, {'a': {'b

# Generated at 2024-03-18 01:03:21.774501
```python
    # Test cases for camel_dict_to_snake_dict function
    test_data = {
        'SimpleCase': 'value',
        'CamelCaseKey': 'camelValue',
        'NestedCamelCase': {
            'InnerCamelCase': 'innerValue',
            'AnotherInnerCamel': 'anotherValue'
        },
        'ListWithCamelCase': [
            'listValue1',
            {'ListInnerCamel': 'listInnerValue'}
        ],
        'IgnoreThis': {
            'DoNotChange': 'staySame'
        }
    }

    expected_result = {
        'simple_case': 'value',
        'camel_case_key': 'camelValue',
        'nested_camel_case': {
            'inner_camel_case': 'innerValue',
            'another_inner_camel': 'anotherValue'
        },
        'list_with_camel_case': [
            'listValue1',
            {'list_inner_camel': 'list

# Generated at 2024-03-18 01:03:28.523764
```python
    # Test cases for camel_dict_to_snake_dict function
    test_data = {
        'SimpleCase': 'value',
        'CamelCaseKey': 'camelValue',
        'nestedCamelCase': {
            'innerCamelCase': 'innerValue',
            'AnotherInnerCamel': 'anotherValue'
        },
        'ListWithCamel': [
            'listValue1',
            {'listCamelCaseKey': 'listCamelValue'}
        ],
        'ignoreThis': {
            'DoNotChange': 'stayAsIs'
        }
    }

    expected_result = {
        'simple_case': 'value',
        'camel_case_key': 'camelValue',
        'nested_camel_case': {
            'inner_camel_case': 'innerValue',
            'another_inner_camel': 'anotherValue'
        },
        'list_with_camel': [
            'listValue1',
            {'list_camel_case_key':

# Generated at 2024-03-18 01:03:33.686635
```python
    # Test cases for camel_dict_to_snake_dict function
    def assert_dicts_equal(dict1, dict2):
        assert dict1 == dict2, f"Expected {dict1} to equal {dict2}"

    # Test with simple camelCase to snake_case conversion
    camel_case_dict = {'CamelCaseKey': 'value', 'AnotherKey': 'anotherValue'}
    expected_snake_case_dict = {'camel_case_key': 'value', 'another_key': 'anotherValue'}
    assert_dicts_equal(camel_dict_to_snake_dict(camel_case_dict), expected_snake_case_dict)

    # Test with nested camelCase to snake_case conversion
    nested_camel_case_dict = {
        'ParentKey': {
            'ChildKey': 'childValue',
            'AnotherChild': {
                'GrandChildKey': 'grandChildValue'
            }
        }
    }
    expected_nested_snake_case_dict = {
        'parent_key': {


# Generated at 2024-03-18 01:03:40.358957
```python
    # Test cases for recursive_diff function
    assert recursive_diff({}, {}) is None, "Empty dictionaries should return None"
    assert recursive_diff({'a': 1}, {'a': 1}) is None, "Identical dictionaries should return None"
    assert recursive_diff({'a': 1}, {'b': 1}) == ({'a': 1}, {'b': 1}), "Different keys should be returned in the diff"
    assert recursive_diff({'a': 1}, {'a': 2}) == ({'a': 1}, {'a': 2}), "Different values should be returned in the diff"
    assert recursive_diff({'a': {'b': 1}}, {'a': {'b': 2}}) == ({'a': {'b': 1}}, {'a': {'b': 2}}), "Differences in nested dictionaries should be returned"
    assert recursive_diff({'a': {'b': 

# Generated at 2024-03-18 01:03:53.127249
```python
    # Test cases for camel_dict_to_snake_dict function
    def assert_dicts_equal(dict1, dict2):
        assert dict1 == dict2, f"Expected {dict1} to equal {dict2}"

    # Test with simple camelCase to snake_case conversion
    camel_case_dict = {'simpleTest': 'value', 'anotherOne': 'value2'}
    expected_snake_case_dict = {'simple_test': 'value', 'another_one': 'value2'}
    assert_dicts_equal(camel_dict_to_snake_dict(camel_case_dict), expected_snake_case_dict)

    # Test with nested camelCase to snake_case conversion
    nested_camel_case_dict = {'outerKey': {'innerKey': 'value'}}
    expected_nested_snake_case_dict = {'outer_key': {'inner_key': 'value'}}
    assert_dicts_equal(camel_dict_to_snake_dict(nested_camel_case_dict), expected_nested_snake_case_dict)

    #

# Generated at 2024-03-18 01:03:57.767242
```python
    # Test cases for camel_dict_to_snake_dict function
    def assert_dicts_equal(dict1, dict2):
        assert dict1 == dict2, f"Expected {dict1} to equal {dict2}"

    # Test with simple camelCase to snake_case conversion
    camel_case_dict = {'simpleTest': 'value', 'anotherOne': 'value2'}
    expected_snake_case_dict = {'simple_test': 'value', 'another_one': 'value2'}
    assert_dicts_equal(camel_dict_to_snake_dict(camel_case_dict), expected_snake_case_dict)

    # Test with nested camelCase to snake_case conversion
    nested_camel_case_dict = {'outerKey': {'innerKey': 'value'}}
    expected_nested_snake_case_dict = {'outer_key': {'inner_key': 'value'}}
    assert_dicts_equal(camel_dict_to_snake_dict(nested_camel_case_dict), expected_nested_snake_case_dict)

    #

# Generated at 2024-03-18 01:04:04.046095
```python
    # Test cases for camel_dict_to_snake_dict function
    def assert_dicts_equal(dict1, dict2):
        assert dict1 == dict2, f"Expected {dict1} to equal {dict2}"

    # Test with simple camelCase to snake_case conversion
    camel_case_dict = {'CamelCaseKey': 'value', 'AnotherKey': 'anotherValue'}
    expected_snake_case_dict = {'camel_case_key': 'value', 'another_key': 'anotherValue'}
    assert_dicts_equal(camel_dict_to_snake_dict(camel_case_dict), expected_snake_case_dict)

    # Test with nested camelCase to snake_case conversion
    nested_camel_case_dict = {
        'TopLevel': {
            'NestedCamelCaseKey': 'nestedValue',
            'AnotherNestedKey': 'anotherNestedValue'
        },
        'AnotherTopLevelKey': 'topLevelValue'
    }
    expected_nested_snake_case_dict =

# Generated at 2024-03-18 01:04:08.968366
```python
    # Test cases for camel_dict_to_snake_dict function
    def assert_dicts_equal(dict1, dict2):
        assert dict1 == dict2, f"Expected {dict1} to equal {dict2}"

    # Test with simple camelCase to snake_case conversion
    camel_case_input = {'simpleTest': 'value', 'anotherOne': 'value2'}
    expected_snake_case_output = {'simple_test': 'value', 'another_one': 'value2'}
    assert_dicts_equal(camel_dict_to_snake_dict(camel_case_input), expected_snake_case_output)

    # Test with nested camelCase to snake_case conversion
    nested_camel_case_input = {'outerKey': {'innerKey': 'value'}}
    expected_nested_snake_case_output = {'outer_key': {'inner_key': 'value'}}
    assert_dicts_equal(camel_dict_to_snake_dict(nested_camel_case_input), expected_nested_snake_case_output)

    #

# Generated at 2024-03-18 01:04:13.909133
```python
    # Test cases for camel_dict_to_snake_dict function
    def assert_dicts_equal(dict1, dict2):
        assert dict1 == dict2, f"Expected {dict1} to equal {dict2}"

    # Test case 1: simple camelCase to snake_case conversion
    camel_case_dict = {'CamelCaseKey': 'value', 'AnotherKey': 'anotherValue'}
    expected_snake_case_dict = {'camel_case_key': 'value', 'another_key': 'anotherValue'}
    assert_dicts_equal(camel_dict_to_snake_dict(camel_case_dict), expected_snake_case_dict)

    # Test case 2: nested camelCase to snake_case conversion
    camel_case_dict = {'CamelCaseKey': {'NestedCamelCaseKey': 'nestedValue'}}
    expected_snake_case_dict = {'camel_case_key': {'nested_camel_case_key': 'nestedValue'}}
    assert_dicts_equal(camel_dict_to_snake

# Generated at 2024-03-18 01:04:20.963209
```python
    # Test cases for camel_dict_to_snake_dict function
    test_data = {
        'SimpleCase': 'value',
        'ComplexCaseValue': {
            'NestedCamelCase': 'nestedValue',
            'AnotherNestedCase': {
                'DeeplyNestedCase': 'deepValue'
            }
        },
        'ListCase': [
            'simpleListValue',
            {'ListDictCase': 'listDictValue'}
        ],
        'IgnoreThis': {
            'DoNotChange': 'stayAsIs'
        }
    }

    expected_result = {
        'simple_case': 'value',
        'complex_case_value': {
            'nested_camel_case': 'nestedValue',
            'another_nested_case': {
                'deeply_nested_case': 'deepValue'
            }
        },
        'list_case': [
            'simpleListValue',
            {'list_dict_case': 'listDictValue'}
        ],
        'ignore_this': {
           

# Generated at 2024-03-18 01:04:26.910204
```python
    # Test cases for camel_dict_to_snake_dict function
    def assert_dicts_equal(dict1, dict2):
        assert dict1 == dict2, f"Expected {dict1} to equal {dict2}"

    # Test with simple camelCase to snake_case conversion
    camel_case_input = {'simpleTest': 'value', 'anotherOne': 'value2'}
    expected_snake_case_output = {'simple_test': 'value', 'another_one': 'value2'}
    assert_dicts_equal(camel_dict_to_snake_dict(camel_case_input), expected_snake_case_output)

    # Test with nested camelCase to snake_case conversion
    nested_camel_case_input = {'outerKey': {'innerKey': 'value'}}
    expected_nested_snake_case_output = {'outer_key': {'inner_key': 'value'}}
    assert_dicts_equal(camel_dict_to_snake_dict(nested_camel_case_input), expected_nested_snake_case_output)

    #

# Generated at 2024-03-18 01:04:32.880951
```python
    # Test cases for camel_dict_to_snake_dict function
    def assert_dicts_equal(dict1, dict2):
        assert dict1 == dict2, f"Expected {dict1} to equal {dict2}"

    # Test with simple camelCase to snake_case conversion
    camel_case_input = {'CamelCaseKey': 'value', 'AnotherCamelCaseKey': 'value2'}
    expected_snake_case_output = {'camel_case_key': 'value', 'another_camel_case_key': 'value2'}
    assert_dicts_equal(camel_dict_to_snake_dict(camel_case_input), expected_snake_case_output)

    # Test with nested dictionaries
    camel_case_nested_input = {
        'CamelCaseKey': {'NestedCamelCaseKey': 'nestedValue'},
        'AnotherKey': 'value'
    }
    expected_snake_case_nested_output = {
        'camel_case_key': {'nested_camel_case_key': 'nestedValue

# Generated at 2024-03-18 01:04:37.577712
```python
    # Test cases for camel_dict_to_snake_dict function
    def assert_dicts_equal(dict1, dict2):
        assert dict1 == dict2, f"Expected {dict1} to equal {dict2}"

    # Test simple camelCase to snake_case conversion
    camel_case_input = {'simpleTest': 1, 'moreComplexExample': 2}
    expected_snake_case_output = {'simple_test': 1, 'more_complex_example': 2}
    assert_dicts_equal(camel_dict_to_snake_dict(camel_case_input), expected_snake_case_output)

    # Test reversible conversion
    reversible_input = {'HTTPResponseCode': 200, 'URLPath': '/test'}
    expected_reversible_output = {'h_t_t_p_response_code': 200, 'u_r_l_path': '/test'}
    assert_dicts_equal(camel_dict_to_snake_dict(reversible_input, reversible=True), expected_reversible_output)

    # Test

# Generated at 2024-03-18 01:04:42.537641
```python
    # Test cases for camel_dict_to_snake_dict function
    def assert_dicts_equal(dict1, dict2):
        assert dict1 == dict2, f"Expected {dict1} to equal {dict2}"

    # Test simple camelCase to snake_case conversion
    camel_case_input = {'simpleTest': 1, 'anotherOne': 2}
    expected_snake_case_output = {'simple_test': 1, 'another_one': 2}
    assert_dicts_equal(camel_dict_to_snake_dict(camel_case_input), expected_snake_case_output)

    # Test nested camelCase to snake_case conversion
    nested_camel_case_input = {'outerKey': {'innerKey': 'value'}}
    expected_nested_snake_case_output = {'outer_key': {'inner_key': 'value'}}
    assert_dicts_equal(camel_dict_to_snake_dict(nested_camel_case_input), expected_nested_snake_case_output)

    # Test reversible conversion


# Generated at 2024-03-18 01:04:54.047778
```python
    # Test cases for camel_dict_to_snake_dict function
    def assert_dicts_equal(dict1, dict2):
        assert dict1 == dict2, f"Expected {dict1} to equal {dict2}"

    # Test with simple camelCase to snake_case conversion
    camel_case_input = {'simpleTest': 'value', 'anotherOne': 'value2'}
    expected_snake_case_output = {'simple_test': 'value', 'another_one': 'value2'}
    assert_dicts_equal(camel_dict_to_snake_dict(camel_case_input), expected_snake_case_output)

    # Test with nested camelCase to snake_case conversion
    nested_camel_case_input = {'outerKey': {'innerKey': 'value'}}
    expected_nested_snake_case_output = {'outer_key': {'inner_key': 'value'}}
    assert_dicts_equal(camel_dict_to_snake_dict(nested_camel_case_input), expected_nested_snake_case_output)

    #

# Generated at 2024-03-18 01:04:58.991237
```python
    # Test cases for camel_dict_to_snake_dict function
    def assert_dicts_equal(dict1, dict2):
        assert dict1 == dict2, f"Expected {dict1} to equal {dict2}"

    # Test with simple camelCase keys
    camel_case_dict = {'simpleTest': 'value', 'anotherKey': 123}
    expected_snake_dict = {'simple_test': 'value', 'another_key': 123}
    assert_dicts_equal(camel_dict_to_snake_dict(camel_case_dict), expected_snake_dict)

    # Test with nested camelCase keys
    nested_camel_case_dict = {'outerKey': {'innerKey': 'value'}}
    expected_nested_snake_dict = {'outer_key': {'inner_key': 'value'}}
    assert_dicts_equal(camel_dict_to_snake_dict(nested_camel_case_dict), expected_nested_snake_dict)

    # Test with reversible option
    reversible_camel_case_dict =

# Generated at 2024-03-18 01:05:05.923032
```python
    # Test cases for camel_dict_to_snake_dict function
    def assert_dicts_equal(dict1, dict2):
        assert dict1 == dict2, f"Expected {dict1} to equal {dict2}"

    # Test with simple camelCase to snake_case conversion
    camel_case_input = {'CamelCaseKey': 'value', 'AnotherCamelCaseKey': 'anotherValue'}
    expected_snake_case_output = {'camel_case_key': 'value', 'another_camel_case_key': 'anotherValue'}
    assert_dicts_equal(camel_dict_to_snake_dict(camel_case_input), expected_snake_case_output)

    # Test with nested dictionaries
    camel_case_nested_input = {
        'CamelCaseKey': {'NestedCamelCaseKey': 'nestedValue'},
        'AnotherKey': 'value'
    }
    expected_snake_case_nested_output = {
        'camel_case_key': {'nested_camel_case_key': 'nestedValue

# Generated at 2024-03-18 01:05:10.551815
```python
    # Test cases for camel_dict_to_snake_dict function
    def assert_dicts_equal(dict1, dict2):
        assert dict1 == dict2, f"Expected {dict1} to equal {dict2}"

    # Test with simple camelCase to snake_case conversion
    camel_case_input = {'simpleTest': 'value', 'anotherOne': 'value2'}
    expected_snake_case_output = {'simple_test': 'value', 'another_one': 'value2'}
    assert_dicts_equal(camel_dict_to_snake_dict(camel_case_input), expected_snake_case_output)

    # Test with nested camelCase to snake_case conversion
    nested_camel_case_input = {'outerKey': {'innerKey': 'value'}}
    expected_nested_snake_case_output = {'outer_key': {'inner_key': 'value'}}
    assert_dicts_equal(camel_dict_to_snake_dict(nested_camel_case_input), expected_nested_snake_case_output)

    #

# Generated at 2024-03-18 01:05:15.348464
```python
    # Test cases for camel_dict_to_snake_dict function
    def assert_dicts_equal(dict1, dict2):
        assert dict1 == dict2, f"Expected {dict1} to equal {dict2}"

    # Test with simple camelCase to snake_case conversion
    camel_case_input = {'simpleTest': 'value', 'anotherOne': 'value2'}
    expected_snake_case_output = {'simple_test': 'value', 'another_one': 'value2'}
    assert_dicts_equal(camel_dict_to_snake_dict(camel_case_input), expected_snake_case_output)

    # Test with nested camelCase to snake_case conversion
    nested_camel_case_input = {
        'outerKey': {
            'innerKey': 'value',
            'anotherInner': {'deepKey': 'deepValue'}
        },
        'simpleKey': 'simpleValue'
    }
    expected_nested_snake_case_output = {
        'outer_key': {
           

# Generated at 2024-03-18 01:05:19.839451
```python
    # Test cases for camel_dict_to_snake_dict function
    def assert_dicts_equal(dict1, dict2):
        assert dict1 == dict2, f"Expected {dict1} to equal {dict2}"

    # Test with simple camelCase to snake_case conversion
    camel_case_input = {'CamelCaseKey': 'value', 'AnotherKey': 'anotherValue'}
    expected_snake_case_output = {'camel_case_key': 'value', 'another_key': 'anotherValue'}
    assert_dicts_equal(camel_dict_to_snake_dict(camel_case_input), expected_snake_case_output)

    # Test with nested dictionaries
    camel_case_input = {
        'CamelCaseKey': 'value',
        'NestedDict': {
            'InnerCamelCase': 'innerValue'
        }
    }
    expected_snake_case_output = {
        'camel_case_key': 'value',
        'nested_dict': {
            'inner_camel_case

# Generated at 2024-03-18 01:05:24.903312
```python
    # Test cases for camel_dict_to_snake_dict function
    def assert_dicts_equal(dict1, dict2):
        assert dict1 == dict2, f"Expected {dict1} to equal {dict2}"

    # Test with simple camelCase to snake_case conversion
    camel_case_input = {'CamelCaseKey': 'value', 'AnotherKey': 'anotherValue'}
    expected_snake_case_output = {'camel_case_key': 'value', 'another_key': 'anotherValue'}
    assert_dicts_equal(camel_dict_to_snake_dict(camel_case_input), expected_snake_case_output)

    # Test with nested dictionaries
    camel_case_input = {
        'CamelCaseKey': 'value',
        'NestedDict': {
            'InnerCamelCase': 'innerValue'
        }
    }
    expected_snake_case_output = {
        'camel_case_key': 'value',
        'nested_dict': {
            'inner_camel_case

# Generated at 2024-03-18 01:05:29.616630
```python
    # Test cases for camel_dict_to_snake_dict function
    def assert_dicts_equal(dict1, dict2):
        assert dict1 == dict2, f"Expected {dict1} to equal {dict2}"

    # Test with simple camelCase keys
    camel_case_dict = {'simpleTest': 1, 'anotherOne': 2}
    expected_snake_dict = {'simple_test': 1, 'another_one': 2}
    assert_dicts_equal(camel_dict_to_snake_dict(camel_case_dict), expected_snake_dict)

    # Test with nested camelCase keys
    nested_camel_dict = {'outerKey': {'innerKey': 'value'}}
    expected_nested_snake_dict = {'outer_key': {'inner_key': 'value'}}
    assert_dicts_equal(camel_dict_to_snake_dict(nested_camel_dict), expected_nested_snake_dict)

    # Test with reversible option
    reversible_camel_dict = {'HTTPResponse

# Generated at 2024-03-18 01:05:34.800589
```python
    # Test cases for camel_dict_to_snake_dict function
    def assert_dicts_equal(dict1, dict2):
        assert dict1 == dict2, f"Expected {dict1} to equal {dict2}"

    # Test with simple camelCase to snake_case conversion
    camel_case_input = {'simpleTest': 'value', 'anotherOne': 'value2'}
    expected_snake_case_output = {'simple_test': 'value', 'another_one': 'value2'}
    assert_dicts_equal(camel_dict_to_snake_dict(camel_case_input), expected_snake_case_output)

    # Test with nested camelCase to snake_case conversion
    nested_camel_case_input = {'outerKey': {'innerKey': 'value'}}
    expected_nested_snake_case_output = {'outer_key': {'inner_key': 'value'}}
    assert_dicts_equal(camel_dict_to_snake_dict(nested_camel_case_input), expected_nested_snake_case_output)

    #

# Generated at 2024-03-18 01:05:39.854720
```python
    # Test cases for camel_dict_to_snake_dict function
    test_data = {
        'SimpleCase': 'value',
        'CamelCaseKey': 'camelValue',
        'nestedCamelCase': {
            'innerCamelCase': 'innerValue',
            'AnotherInnerCamel': 'anotherValue'
        },
        'ListWithCamelCase': [
            'listValue1',
            {'listCamelCaseKey': 'listValue2'}
        ],
        'HTTPEndpoint': 'endpointValue'
    }

    expected_result = {
        'simple_case': 'value',
        'camel_case_key': 'camelValue',
        'nested_camel_case': {
            'inner_camel_case': 'innerValue',
            'another_inner_camel': 'anotherValue'
        },
        'list_with_camel_case': [
            'listValue1',
            {'list_camel_case_key': 'listValue2'}
        ],


# Generated at 2024-03-18 01:06:06.424596
```python
import unittest


# Generated at 2024-03-18 01:06:11.031870
```python
    # Test cases for camel_dict_to_snake_dict function
    def assert_dicts_equal(dict1, dict2):
        assert dict1 == dict2, f"Expected {dict1} to equal {dict2}"

    # Test with simple camelCase to snake_case conversion
    camel_case_dict = {'CamelCaseKey': 'value', 'AnotherKey': 'anotherValue'}
    expected_snake_case_dict = {'camel_case_key': 'value', 'another_key': 'anotherValue'}
    assert_dicts_equal(camel_dict_to_snake_dict(camel_case_dict), expected_snake_case_dict)

    # Test with nested camelCase to snake_case conversion
    nested_camel_case_dict = {
        'CamelCaseKey': 'value',
        'NestedDict': {
            'NestedCamelCaseKey': 'nestedValue'
        }
    }
    expected_nested_snake_case_dict = {
        'camel_case_key': 'value',
        'nested

# Generated at 2024-03-18 01:06:16.221766
```python
    # Test cases for camel_dict_to_snake_dict function
    def assert_dicts_equal(dict1, dict2):
        assert dict1 == dict2, f"Expected {dict1} to equal {dict2}"

    # Test with simple camelCase to snake_case conversion
    camel_case_input = {'simpleTest': 'value', 'anotherOne': 'value2'}
    expected_snake_case_output = {'simple_test': 'value', 'another_one': 'value2'}
    assert_dicts_equal(camel_dict_to_snake_dict(camel_case_input), expected_snake_case_output)

    # Test with nested camelCase to snake_case conversion
    nested_camel_case_input = {'outerKey': {'innerKey': 'value'}}
    expected_nested_snake_case_output = {'outer_key': {'inner_key': 'value'}}
    assert_dicts_equal(camel_dict_to_snake_dict(nested_camel_case_input), expected_nested_snake_case_output)

    #

# Generated at 2024-03-18 01:06:21.261698
```python
    # Test cases for camel_dict_to_snake_dict function
    def assert_dicts_equal(dict1, dict2):
        assert dict1 == dict2, f"Expected {dict1} to equal {dict2}"

    # Test with simple camelCase to snake_case conversion
    camel_case_input = {'simpleTest': 'value', 'anotherOne': 'value2'}
    expected_output = {'simple_test': 'value', 'another_one': 'value2'}
    assert_dicts_equal(camel_dict_to_snake_dict(camel_case_input), expected_output)

    # Test with nested camelCase to snake_case conversion
    nested_camel_case_input = {
        'outerKey': {
            'innerKey': 'value',
            'anotherInner': {'deepKey': 'deepValue'}
        }
    }
    expected_nested_output = {
        'outer_key': {
            'inner_key': 'value',
            'another_inner': {'deep_key': 'deep

# Generated at 2024-03-18 01:06:27.842091
```python
    # Test cases for camel_dict_to_snake_dict function
    def assert_dicts_equal(dict1, dict2):
        assert dict1 == dict2, f"Expected {dict1} to equal {dict2}"

    # Test with simple camelCase to snake_case conversion
    camel_case_input = {'simpleTest': 'value', 'anotherOne': 'value2'}
    expected_snake_case_output = {'simple_test': 'value', 'another_one': 'value2'}
    assert_dicts_equal(camel_dict_to_snake_dict(camel_case_input), expected_snake_case_output)

    # Test with nested camelCase to snake_case conversion
    nested_camel_case_input = {'outerKey': {'innerKey': 'value'}}
    expected_nested_snake_case_output = {'outer_key': {'inner_key': 'value'}}
    assert_dicts_equal(camel_dict_to_snake_dict(nested_camel_case_input), expected_nested_snake_case_output)

    #

# Generated at 2024-03-18 01:06:33.398920
```python
    # Test cases for camel_dict_to_snake_dict function
    def assert_dicts_equal(dict1, dict2):
        assert dict1 == dict2, f"Expected {dict1} to equal {dict2}"

    # Test with simple camelCase to snake_case conversion
    camel_case_input = {'simpleTest': 1, 'moreComplexExample': 2}
    expected_snake_case_output = {'simple_test': 1, 'more_complex_example': 2}
    assert_dicts_equal(camel_dict_to_snake_dict(camel_case_input), expected_snake_case_output)

    # Test with nested dictionaries
    camel_case_nested_input = {'outerKey': {'innerKey': 'value', 'anotherKey': 3}}
    expected_snake_case_nested_output = {'outer_key': {'inner_key': 'value', 'another_key': 3}}
    assert_dicts_equal(camel_dict_to_snake_dict(camel_case_nested_input), expected_sn

# Generated at 2024-03-18 01:06:41.206038
```python
    # Test cases for camel_dict_to_snake_dict function
    def assert_dicts_equal(dict1, dict2):
        assert dict1 == dict2, f"Expected {dict1} to equal {dict2}"

    # Test case 1: simple camelCase to snake_case conversion
    camel_case_dict = {'simpleTest': 1, 'moreComplexExample': 2}
    expected_snake_case_dict = {'simple_test': 1, 'more_complex_example': 2}
    assert_dicts_equal(camel_dict_to_snake_dict(camel_case_dict), expected_snake_case_dict)

    # Test case 2: reversible conversion
    reversible_camel_case_dict = {'HTTPResponseCode': 200, 'URLPath': '/test'}
    expected_reversible_snake_case_dict = {'h_t_t_p_response_code': 200, 'u_r_l_path': '/test'}
    assert_dicts_equal(camel_dict_to_snake_dict(re

# Generated at 2024-03-18 01:06:46.428267
```python
    # Test cases for camel_dict_to_snake_dict function
    def assert_dicts_equal(dict1, dict2):
        assert dict1 == dict2, f"Expected {dict1} to equal {dict2}"

    # Test with simple camelCase to snake_case conversion
    camel_case_dict = {'CamelCaseKey': 'value', 'AnotherKey': 'anotherValue'}
    expected_snake_case_dict = {'camel_case_key': 'value', 'another_key': 'anotherValue'}
    assert_dicts_equal(camel_dict_to_snake_dict(camel_case_dict), expected_snake_case_dict)

    # Test with nested camelCase to snake_case conversion
    nested_camel_case_dict = {
        'ParentKey': {
            'NestedCamelCaseKey': 'nestedValue',
            'AnotherNestedKey': 'anotherNestedValue'
        },
        'SimpleKey': 'simpleValue'
    }
    expected_nested_snake_case_dict = {
        '

# Generated at 2024-03-18 01:06:51.154209
```python
    # Test cases for camel_dict_to_snake_dict function
    def assert_dicts_equal(dict1, dict2):
        assert dict1 == dict2, f"Expected {dict1} to equal {dict2}"

    # Test with simple camelCase to snake_case conversion
    camel_case_dict = {'CamelCaseKey': 'value', 'AnotherKey': 'anotherValue'}
    expected_snake_case_dict = {'camel_case_key': 'value', 'another_key': 'anotherValue'}
    assert_dicts_equal(camel_dict_to_snake_dict(camel_case_dict), expected_snake_case_dict)

    # Test with nested camelCase to snake_case conversion
    nested_camel_case_dict = {
        'TopLevel': {
            'SecondLevel': {
                'ThirdLevelKey': 'value'
            },
            'AnotherSecondLevel': 'anotherValue'
        }
    }
    expected_nested_snake_case_dict = {
        'top_level': {
           

# Generated at 2024-03-18 01:06:51.888232
```python
import unittest


# Generated at 2024-03-18 01:07:12.173919
```python
    # Test cases for camel_dict_to_snake_dict function
    def assert_dicts_equal(dict1, dict2):
        assert dict1 == dict2, f"Expected {dict1} to equal {dict2}"

    # Test with simple camelCase to snake_case conversion
    camel_case_dict = {'simpleTest': 1, 'moreComplexExample': 2}
    expected_snake_case_dict = {'simple_test': 1, 'more_complex_example': 2}
    assert_dicts_equal(camel_dict_to_snake_dict(camel_case_dict), expected_snake_case_dict)

    # Test with nested dictionaries
    nested_camel_dict = {'outerKey': {'innerKey': 'value'}}
    expected_nested_snake_dict = {'outer_key': {'inner_key': 'value'}}
    assert_dicts_equal(camel_dict_to_snake_dict(nested_camel_dict), expected_nested_snake_dict)

    # Test with reversible option
    reversible_camel

# Generated at 2024-03-18 01:07:17.655835
```python
    # Test cases for camel_dict_to_snake_dict function
    def assert_dicts_equal(dict1, dict2):
        assert dict1 == dict2, f"Expected {dict1} to equal {dict2}"

    # Test with simple camelCase to snake_case conversion
    camel_case_input = {'simpleTest': 1, 'moreComplexExample': 2}
    expected_snake_case_output = {'simple_test': 1, 'more_complex_example': 2}
    assert_dicts_equal(camel_dict_to_snake_dict(camel_case_input), expected_snake_case_output)

    # Test with nested dictionaries
    camel_case_input = {'outerKey': {'innerKey': 'value'}}
    expected_snake_case_output = {'outer_key': {'inner_key': 'value'}}
    assert_dicts_equal(camel_dict_to_snake_dict(camel_case_input), expected_snake_case_output)

    # Test with reversible option
    camel_case_input = {'

# Generated at 2024-03-18 01:07:23.849889
```python
    # Test cases for camel_dict_to_snake_dict function
    def assert_dicts_equal(dict1, dict2):
        assert dict1 == dict2, f"Expected {dict1} to equal {dict2}"

    # Test with simple camelCase to snake_case conversion
    camel_case_input = {'simpleTest': 'value', 'anotherOne': 'value2'}
    expected_snake_case_output = {'simple_test': 'value', 'another_one': 'value2'}
    assert_dicts_equal(camel_dict_to_snake_dict(camel_case_input), expected_snake_case_output)

    # Test with nested camelCase to snake_case conversion
    nested_camel_case_input = {'outerKey': {'innerKey': 'value'}}
    expected_nested_snake_case_output = {'outer_key': {'inner_key': 'value'}}
    assert_dicts_equal(camel_dict_to_snake_dict(nested_camel_case_input), expected_nested_snake_case_output)

    #

# Generated at 2024-03-18 01:07:29.609544
```python
    # Test cases for camel_dict_to_snake_dict function
    def assert_dicts_equal(dict1, dict2):
        assert dict1 == dict2, f"Expected {dict1} to equal {dict2}"

    # Test with simple camelCase to snake_case conversion
    camel_case_input = {'simpleTest': 'value', 'anotherOne': 'value2'}
    expected_snake_case_output = {'simple_test': 'value', 'another_one': 'value2'}
    assert_dicts_equal(camel_dict_to_snake_dict(camel_case_input), expected_snake_case_output)

    # Test with nested camelCase to snake_case conversion
    nested_camel_case_input = {'outerKey': {'innerKey': 'value'}}
    expected_nested_snake_case_output = {'outer_key': {'inner_key': 'value'}}
    assert_dicts_equal(camel_dict_to_snake_dict(nested_camel_case_input), expected_nested_snake_case_output)

    #

# Generated at 2024-03-18 01:07:36.136974
```python
    # Test cases for camel_dict_to_snake_dict function
    def assert_dicts_equal(dict1, dict2):
        assert dict1 == dict2, f"Expected {dict1} to equal {dict2}"

    # Test with simple camelCase to snake_case conversion
    camel_case_input = {'simpleTest': 'value', 'anotherOne': 'value2'}
    expected_snake_case_output = {'simple_test': 'value', 'another_one': 'value2'}
    assert_dicts_equal(camel_dict_to_snake_dict(camel_case_input), expected_snake_case_output)

    # Test with nested camelCase to snake_case conversion
    nested_camel_case_input = {'outerKey': {'innerKey': 'value'}}
    expected_nested_snake_case_output = {'outer_key': {'inner_key': 'value'}}
    assert_dicts_equal(camel_dict_to_snake_dict(nested_camel_case_input), expected_nested_snake_case_output)

    #

# Generated at 2024-03-18 01:07:43.086110
```python
    # Test cases for camel_dict_to_snake_dict function
    def assert_dicts_equal(dict1, dict2):
        assert dict1 == dict2, f"Expected {dict1} to equal {dict2}"

    # Test with simple camelCase to snake_case conversion
    camel_case_input = {'simpleTest': 'value', 'anotherOne': 'value2'}
    expected_snake_case_output = {'simple_test': 'value', 'another_one': 'value2'}
    assert_dicts_equal(camel_dict_to_snake_dict(camel_case_input), expected_snake_case_output)

    # Test with nested camelCase to snake_case conversion
    nested_camel_case_input = {'outerKey': {'innerKey': 'value'}}
    expected_nested_snake_case_output = {'outer_key': {'inner_key': 'value'}}
    assert_dicts_equal(camel_dict_to_snake_dict(nested_camel_case_input), expected_nested_snake_case_output)

    #

# Generated at 2024-03-18 01:07:48.247214
```python
    # Test cases for camel_dict_to_snake_dict function
    def assert_dicts_equal(dict1, dict2):
        assert dict1 == dict2, f"Expected {dict1} to equal {dict2}"

    # Test with simple camelCase to snake_case conversion
    camel_case_input = {'simpleTest': 'value', 'anotherOne': 'value2'}
    expected_snake_case_output = {'simple_test': 'value', 'another_one': 'value2'}
    assert_dicts_equal(camel_dict_to_snake_dict(camel_case_input), expected_snake_case_output)

    # Test with nested camelCase to snake_case conversion
    nested_camel_case_input = {'outerKey': {'innerKey': 'value'}}
    expected_nested_snake_case_output = {'outer_key': {'inner_key': 'value'}}
    assert_dicts_equal(camel_dict_to_snake_dict(nested_camel_case_input), expected_nested_snake_case_output)

    #

# Generated at 2024-03-18 01:07:48.878198
```python
import unittest


# Generated at 2024-03-18 01:07:53.942804
```python
    # Test cases for camel_dict_to_snake_dict function
    def assert_dicts_equal(dict1, dict2):
        assert dict1 == dict2, f"Expected {dict1} to equal {dict2}"

    # Test with simple camelCase keys
    camel_case_dict = {'simpleTest': 1, 'anotherOne': 2}
    expected_snake_dict = {'simple_test': 1, 'another_one': 2}
    assert_dicts_equal(camel_dict_to_snake_dict(camel_case_dict), expected_snake_dict)

    # Test with nested camelCase keys
    nested_camel_case_dict = {'outerKey': {'innerKey': 'value'}}
    expected_nested_snake_dict = {'outer_key': {'inner_key': 'value'}}
    assert_dicts_equal(camel_dict_to_snake_dict(nested_camel_case_dict), expected_nested_snake_dict)

    # Test with reversible option
    reversible_camel_case_dict =

# Generated at 2024-03-18 01:08:01.108677
```python
    # Test cases for camel_dict_to_snake_dict function
    def assert_dicts_equal(dict1, dict2):
        assert dict1 == dict2, f"Expected {dict1} to equal {dict2}"

    # Test with simple camelCase to snake_case conversion
    camel_case_input = {'simpleTest': 'value', 'anotherOne': 'value2'}
    expected_snake_case_output = {'simple_test': 'value', 'another_one': 'value2'}
    assert_dicts_equal(camel_dict_to_snake_dict(camel_case_input), expected_snake_case_output)

    # Test with nested camelCase to snake_case conversion
    nested_camel_case_input = {'outerKey': {'innerKey': 'value'}}
    expected_nested_snake_case_output = {'outer_key': {'inner_key': 'value'}}
    assert_dicts_equal(camel_dict_to_snake_dict(nested_camel_case_input), expected_nested_snake_case_output)

    #

# Generated at 2024-03-18 01:08:49.983182
```python
    # Test cases for camel_dict_to_snake_dict function
    def assert_dicts_equal(dict1, dict2):
        assert dict1 == dict2, f"Expected {dict1} to equal {dict2}"

    # Test with simple camelCase to snake_case conversion
    camel_case_dict = {'simpleTest': 1, 'moreComplexExample': 2}
    expected_snake_case_dict = {'simple_test': 1, 'more_complex_example': 2}
    assert_dicts_equal(camel_dict_to_snake_dict(camel_case_dict), expected_snake_case_dict)

    # Test with nested dictionaries
    nested_camel_dict = {'outerKey': {'innerKey': 'value'}}
    expected_nested_snake_dict = {'outer_key': {'inner_key': 'value'}}
    assert_dicts_equal(camel_dict_to_snake_dict(nested_camel_dict), expected_nested_snake_dict)

    # Test with reversible option
    reversible_camel

# Generated at 2024-03-18 01:08:54.960165
```python
    # Test cases for camel_dict_to_snake_dict function
    def assert_dicts_equal(dict1, dict2):
        assert dict1 == dict2, f"Expected {dict1} to equal {dict2}"

    # Test simple camelCase to snake_case conversion
    camel_case_input = {'simpleTest': 'value', 'anotherOne': 'value2'}
    expected_snake_case_output = {'simple_test': 'value', 'another_one': 'value2'}
    assert_dicts_equal(camel_dict_to_snake_dict(camel_case_input), expected_snake_case_output)

    # Test nested camelCase to snake_case conversion
    nested_camel_case_input = {
        'outerKey': {
            'innerKey': 'value',
            'anotherInner': {
                'deepKey': 'deepValue'
            }
        }
    }
    expected_nested_snake_case_output = {
        'outer_key': {
            'inner_key': 'value',


# Generated at 2024-03-18 01:08:59.530932
```python
    # Test cases for camel_dict_to_snake_dict function
    def assert_dicts_equal(dict1, dict2):
        assert dict1 == dict2, f"Expected {dict1} to equal {dict2}"

    # Test with simple camelCase to snake_case conversion
    camel_case_input = {'CamelCaseKey': 'value', 'AnotherKey': 'anotherValue'}
    expected_snake_case_output = {'camel_case_key': 'value', 'another_key': 'anotherValue'}
    assert_dicts_equal(camel_dict_to_snake_dict(camel_case_input), expected_snake_case_output)

    # Test with nested dictionaries
    camel_case_input = {
        'CamelCaseKey': 'value',
        'NestedDict': {
            'InnerCamelCaseKey': 'innerValue',
            'AnotherInnerKey': 'anotherInnerValue'
        }
    }
    expected_snake_case_output = {
        'camel_case_key': 'value',


# Generated at 2024-03-18 01:09:07.770710
```python
    # Test cases for camel_dict_to_snake_dict function
    def assert_dicts_equal(dict1, dict2):
        assert dict1 == dict2, f"Expected {dict1} to equal {dict2}"

    # Test with simple camelCase to snake_case conversion
    camel_case_dict = {'simpleTest': 1, 'moreComplexExample': 2}
    expected_snake_case_dict = {'simple_test': 1, 'more_complex_example': 2}
    assert_dicts_equal(camel_dict_to_snake_dict(camel_case_dict), expected_snake_case_dict)

    # Test with nested dictionaries
    nested_camel_dict = {
        'outerKey': {
            'innerKey': 'value',
            'anotherInnerKey': 3
        },
        'secondOuterKey': 'outerValue'
    }
    expected_nested_snake_dict = {
        'outer_key': {
            'inner_key': 'value',
            'another

# Generated at 2024-03-18 01:09:13.600931
```python
    # Test cases for camel_dict_to_snake_dict function
    def assert_dicts_equal(dict1, dict2):
        assert dict1 == dict2, f"Expected {dict1} to equal {dict2}"

    # Test with simple camelCase to snake_case conversion
    camel_case_dict = {'simpleTest': 1, 'moreComplexExample': 2}
    expected_snake_case_dict = {'simple_test': 1, 'more_complex_example': 2}
    assert_dicts_equal(camel_dict_to_snake_dict(camel_case_dict), expected_snake_case_dict)

    # Test with nested dictionaries
    nested_camel_dict = {'outerKey': {'innerKey': 'value'}}
    expected_nested_snake_dict = {'outer_key': {'inner_key': 'value'}}
    assert_dicts_equal(camel_dict_to_snake_dict(nested_camel_dict), expected_nested_snake_dict)

    # Test with reversible option
    reversible_camel

# Generated at 2024-03-18 01:09:18.856159
```python
    # Test cases for camel_dict_to_snake_dict function
    def assert_dicts_equal(dict1, dict2):
        assert dict1 == dict2, f"Expected {dict1} to equal {dict2}"

    # Test with simple camelCase to snake_case conversion
    camel_case_input = {'CamelCaseKey': 'value', 'AnotherCamelCaseKey': 'anotherValue'}
    expected_snake_case_output = {'camel_case_key': 'value', 'another_camel_case_key': 'anotherValue'}
    assert_dicts_equal(camel_dict_to_snake_dict(camel_case_input), expected_snake_case_output)

    # Test with nested camelCase to snake_case conversion
    camel_case_nested_input = {
        'CamelCaseKey': {'NestedCamelCaseKey': 'nestedValue'},
        'AnotherCamelCaseKey': [{'ListCamelCaseKey': 'listValue'}]
    }
    expected_snake_case_nested_output =

# Generated at 2024-03-18 01:09:24.100610
```python
    # Test cases for camel_dict_to_snake_dict function
    def assert_dicts_equal(dict1, dict2):
        assert dict1 == dict2, f"Expected {dict1} to equal {dict2}"

    # Test with simple camelCase to snake_case conversion
    camel_case_input = {'simpleTest': 'value', 'anotherOne': 'value2'}
    expected_output = {'simple_test': 'value', 'another_one': 'value2'}
    assert_dicts_equal(camel_dict_to_snake_dict(camel_case_input), expected_output)

    # Test with nested camelCase to snake_case conversion
    nested_camel_case_input = {
        'outerKey': {
            'innerKey': 'value',
            'anotherInner': {
                'deepKey': 'deepValue'
            }
        }
    }
    expected_nested_output = {
        'outer_key': {
            'inner_key': 'value',
            'another_inner': {
               

# Generated at 2024-03-18 01:09:29.678050
```python
    # Test cases for camel_dict_to_snake_dict function
    def assert_dicts_equal(dict1, dict2):
        assert dict1 == dict2, f"Expected {dict1} to equal {dict2}"

    # Test with simple camelCase to snake_case conversion
    camel_case_dict = {'CamelCaseKey': 'value', 'AnotherKey': 'anotherValue'}
    expected_snake_case_dict = {'camel_case_key': 'value', 'another_key': 'anotherValue'}
    assert_dicts_equal(camel_dict_to_snake_dict(camel_case_dict), expected_snake_case_dict)

    # Test with nested camelCase to snake_case conversion
    nested_camel_case_dict = {
        'CamelCaseKey': 'value',
        'NestedDict': {
            'NestedCamelCaseKey': 'nestedValue'
        }
    }
    expected_nested_snake_case_dict = {
        'camel_case_key': 'value',
        'nested

# Generated at 2024-03-18 01:09:36.096822
```python
    # Test cases for camel_dict_to_snake_dict function
    test_data = {
        'SimpleCase': 'value',
        'ComplexCaseValue': {
            'NestedCamelCase': 'nestedValue',
            'AnotherNestedCase': {
                'DeepCase': 'deepValue'
            }
        },
        'ListCase': [
            'listItem',
            {'ListDictCase': 'listDictValue'}
        ],
        'IgnoreThis': {
            'DoNotChange': 'stayAsIs'
        }
    }

    expected_result = {
        'simple_case': 'value',
        'complex_case_value': {
            'nested_camel_case': 'nestedValue',
            'another_nested_case': {
                'deep_case': 'deepValue'
            }
        },
        'list_case': [
            'listItem',
            {'list_dict_case': 'listDictValue'}
        ],
        'ignore_this': {
            'DoNotChange': '

# Generated at 2024-03-18 01:09:42.574042
```python
    # Test cases for camel_dict_to_snake_dict function
    def assert_dicts_equal(dict1, dict2):
        assert dict1 == dict2, f"Expected {dict1} to equal {dict2}"

    # Test with simple camelCase to snake_case conversion
    camel_case_input = {'simpleTest': 'value', 'anotherOne': 'value2'}
    expected_snake_case_output = {'simple_test': 'value', 'another_one': 'value2'}
    assert_dicts_equal(camel_dict_to_snake_dict(camel_case_input), expected_snake_case_output)

    # Test with nested camelCase to snake_case conversion
    nested_camel_case_input = {'outerKey': {'innerKey': 'value'}}
    expected_nested_snake_case_output = {'outer_key': {'inner_key': 'value'}}
    assert_dicts_equal(camel_dict_to_snake_dict(nested_camel_case_input), expected_nested_snake_case_output)

    #

# Generated at 2024-03-18 01:11:11.546346
```python
    # Test cases for camel_dict_to_snake_dict function
    def assert_dicts_equal(dict1, dict2):
        assert dict1 == dict2, f"Expected {dict1} to equal {dict2}"

    # Test with simple camelCase to snake_case conversion
    camel_case_input = {'CamelCaseKey': 'value', 'AnotherKey': 'anotherValue'}
    expected_snake_case_output = {'camel_case_key': 'value', 'another_key': 'anotherValue'}
    assert_dicts_equal(camel_dict_to_snake_dict(camel_case_input), expected_snake_case_output)

    # Test with nested dictionaries
    camel_case_input = {
        'CamelCaseKey': 'value',
        'NestedDict': {
            'InnerCamelCase': 'innerValue'
        }
    }
    expected_snake_case_output = {
        'camel_case_key': 'value',
        'nested_dict': {
            'inner_camel_case

# Generated at 2024-03-18 01:11:17.096879
```python
    # Test cases for camel_dict_to_snake_dict function
    def assert_dicts_equal(dict1, dict2):
        assert dict1 == dict2, f"Expected {dict1} to equal {dict2}"

    # Test with simple camelCase to snake_case conversion
    camel_case_input = {'simpleTest': 1, 'moreComplexExample': 2}
    expected_snake_case_output = {'simple_test': 1, 'more_complex_example': 2}
    assert_dicts_equal(camel_dict_to_snake_dict(camel_case_input), expected_snake_case_output)

    # Test with nested dictionaries
    camel_case_input = {'outerKey': {'innerKey': 'value', 'anotherKey': 3}}
    expected_snake_case_output = {'outer_key': {'inner_key': 'value', 'another_key': 3}}
    assert_dicts_equal(camel_dict_to_snake_dict(camel_case_input), expected_snake_case_output

# Generated at 2024-03-18 01:11:21.595871
```python
    # Test cases for camel_dict_to_snake_dict function
    def test_single_level():
        camel_case = {'CamelCaseKey': 'value', 'AnotherKey': 'another_value'}
        expected_snake_case = {'camel_case_key': 'value', 'another_key': 'another_value'}
        assert camel_dict_to_snake_dict(camel_case) == expected_snake_case

    def test_nested_dict():
        camel_case = {'CamelCaseKey': {'NestedKey': 'nested_value'}}
        expected_snake_case = {'camel_case_key': {'nested_key': 'nested_value'}}
        assert camel_dict_to_snake_dict(camel_case) == expected_snake_case

    def test_list_of_dicts():
        camel_case = {'ListOfDicts': [{'CamelKeyOne': 'value1'}, {'CamelKeyTwo': 'value2'}]}
        expected_snake_case = {'list_of_dicts': [{'camel_key_one': 'value1