

# Generated at 2024-03-18 04:47:26.529226
```python
    assert isidentifier("valid_var_name")
    assert not isidentifier("invalid-var-name")
    assert not isidentifier("invalid var name")
    assert not isidentifier("True")
    assert not isidentifier("False")
    assert not isidentifier("None")
    assert not isidentifier("123invalid")
    assert not isidentifier("")
    assert not isidentifier("with space")
    assert not isidentifier("with-hyphen")
    assert not isidentifier("with.dot")
    assert not isidentifier("with/slash")
    assert not isidentifier("with\\backslash")
    assert not isidentifier("καλημέρα")
    assert not isidentifier("こんにちは")
    assert isidentifier("_underscore")
    assert isidentifier("_underscore_with_numbers123")
    assert isidentifier("variable123")
    assert not isidentifier("123variable")
    assert not isidentifier("variable$")
    assert not isidentifier("variable@")
    assert not isidentifier

# Generated at 2024-03-18 04:47:31.698770
```python
    # Mocking the context and loader for the purpose of this test
    class MockLoader:
        def load_from_file(self, file_name):
            return {'from_file': True}

        def load(self, data):
            return {'loaded_data': data}

    context.CLIARGS = {'extra_vars': ['@vars.yml', 'key1=value1', '{"key2": "value2"}']}

    loader = MockLoader()

    # Call the function with the mocked context and loader
    result = load_extra_vars(loader)

    # Expected result combines all the different types of extra vars
    expected = {
        'from_file': True,
        'key1': 'value1',
        'key2': 'value2'
    }

    # Assert the result matches the expected output
    assert result == expected, "Expected result did not match actual result"
```

# Generated at 2024-03-18 04:47:36.756318
    assert isidentifier("valid_var_name")
    assert not isidentifier("invalid-var-name")
    assert not isidentifier("invalid var name")
    assert not isidentifier("True")
    assert not isidentifier("False")
    assert not isidentifier("None")
    assert not isidentifier("123invalid")
    assert not isidentifier("")
    assert not isidentifier("with space")
    assert not isidentifier("with-hyphen")
    assert not isidentifier("with.dot")
    assert not isidentifier("with/slash")
    assert not isidentifier("with\\backslash")
    assert not isidentifier("éxotic")
    assert not isidentifier("😊")
    assert not isidentifier("with:colon")
    assert not isidentifier("with;semicolon")
    assert not isidentifier("with'quote")
    assert not isidentifier("with\"doublequote")
    assert not isidentifier("with?question")
    assert not isidentifier("with!exclamation")
   

# Generated at 2024-03-18 04:47:43.894296
```python
    assert isidentifier("valid_var_name")
    assert not isidentifier("invalid-var-name")
    assert not isidentifier("invalid var name")
    assert not isidentifier("True")
    assert not isidentifier("False")
    assert not isidentifier("None")
    assert not isidentifier("123invalid")
    assert not isidentifier("")
    assert not isidentifier("with space")
    assert not isidentifier("with-hyphen")
    assert not isidentifier("with.dot")
    assert not isidentifier("with/slash")
    assert not isidentifier("with\\backslash")
    assert not isidentifier("καλημέρα")
    assert not isidentifier("こんにちは")
    assert not isidentifier("你好")
    assert not isidentifier("مرحبا")
    assert not isidentifier("🚀")
    assert not isidentifier("no🚀")
    assert not isidentifier("no-dash")
    assert not is

# Generated at 2024-03-18 04:47:49.616753
```python
    # Test cases for merge_hash function
    def test_simple_merge():
        dict_x = {'a': 1, 'b': 2}
        dict_y = {'b': 3, 'c': 4}
        expected = {'a': 1, 'b': 3, 'c': 4}
        assert merge_hash(dict_x, dict_y) == expected

    def test_recursive_merge():
        dict_x = {'a': {'x': 1}, 'b': 2}
        dict_y = {'a': {'y': 2}, 'b': 3}
        expected = {'a': {'x': 1, 'y': 2}, 'b': 3}
        assert merge_hash(dict_x, dict_y, recursive=True) == expected

    def test_list_replace_merge():
        dict_x = {'a': [1, 2], 'b': 2}
        dict_y = {'a

# Generated at 2024-03-18 04:47:54.802534
```python
    # Mocking the context and loader for the purpose of this test
    class MockLoader:
        def load_from_file(self, file_name):
            return {'from_file': True, 'file_name': file_name}

        def load(self, data):
            return {'loaded_data': data}

    class MockCLIARGS:
        def get(self, key, default=None):
            if key == 'extra_vars':
                return [
                    "@/tmp/somefile.yml",
                    "key1=value1 key2=value2",
                    '{"json_key": "json_value"}',
                    "[list, of, values]"
                ]
            return default

    context.CLIARGS = MockCLIARGS()
    loader = MockLoader()

    # Expected results
    expected_extra_vars = {
        'from_file': True,
        'file_name': '/tmp/somefile.yml',
        'key1': 'value1',
        'key2': 'value2',
        'json

# Generated at 2024-03-18 04:48:02.927995
```python
    # Test cases for combine_vars function
    def test_combine_vars_replace():
        a = {'x': 1, 'y': 2}
        b = {'y': 3, 'z': 4}
        result = combine_vars(a, b, merge=False)
        expected = {'x': 1, 'y': 3, 'z': 4}
        assert result == expected, "Expected result did not match for replace"

    def test_combine_vars_merge():
        a = {'x': 1, 'y': 2}
        b = {'y': 3, 'z': 4}
        result = combine_vars(a, b, merge=True)
        expected = {'x': 1, 'y': 3, 'z': 4}
        assert result == expected, "Expected result did not match for merge"

    def test_combine_vars_default_behaviour():
        original_hash_behaviour = C.DEFAULT_HASH

# Generated at 2024-03-18 04:48:09.078221
```python
    # Test cases for merge_hash function
    def test_simple_merge():
        dict_x = {'a': 1, 'b': 2}
        dict_y = {'b': 3, 'c': 4}
        expected = {'a': 1, 'b': 3, 'c': 4}
        assert merge_hash(dict_x, dict_y) == expected

    def test_recursive_merge():
        dict_x = {'a': {'x': 1}, 'b': 2}
        dict_y = {'a': {'y': 2}, 'b': 3}
        expected = {'a': {'x': 1, 'y': 2}, 'b': 3}
        assert merge_hash(dict_x, dict_y, recursive=True) == expected

    def test_list_replace():
        dict_x = {'a': [1, 2], 'b': 2}
        dict_y = {'a':

# Generated at 2024-03-18 04:48:14.597504
```python
    # Mocking the context and loader objects for testing purposes
    mock_loader = MagicMock()
    mock_loader.load_from_file = MagicMock(return_value={'file_var': 'value1'})
    mock_loader.load = MagicMock(return_value={'yaml_var': 'value2'})
    context.CLIARGS = MagicMock(return_value={
        'extra_vars': [
            '@file.yml',
            '{"json_var": "value3"}',
            'key1=value4 key2=value5'
        ]
    })

    # Call the function with the mocked objects
    result = load_extra_vars(mock_loader)

    # Assertions to check if the result is as expected
    assert result == {
        'file_var': 'value1',
        'yaml_var': 'value2',
        'json_var': 'value3',
        'key1': 'value4',
        'key2': 'value5'
    }

    # Check if the loader methods were called with the correct arguments
   

# Generated at 2024-03-18 04:48:21.401911
```python
    # Test cases for merge_hash function
    def test_simple_merge():
        dict_x = {'a': 1, 'b': 2}
        dict_y = {'b': 3, 'c': 4}
        expected = {'a': 1, 'b': 3, 'c': 4}
        assert merge_hash(dict_x, dict_y) == expected

    def test_recursive_merge():
        dict_x = {'a': {'x': 1}, 'b': 2}
        dict_y = {'a': {'y': 2}, 'b': 3}
        expected = {'a': {'x': 1, 'y': 2}, 'b': 3}
        assert merge_hash(dict_x, dict_y, recursive=True) == expected

    def test_list_replace_merge():
        dict_x = {'a': [1, 2], 'b': 2}
        dict_y = {'a

# Generated at 2024-03-18 04:48:40.011314
```python
    # Mocking the context and loader objects for testing purposes
    mock_loader = MagicMock()
    mock_loader.load_from_file = MagicMock(return_value={'file_var': 'value1'})
    mock_loader.load = MagicMock(return_value={'yaml_var': 'value2'})
    context.CLIARGS = MagicMock(return_value={
        'extra_vars': [
            '@file.yml',
            '{"json_var": "value3"}',
            'key1=value4 key2=value5'
        ]
    })

    # Call the function with the mocked objects
    result = load_extra_vars(mock_loader)

    # Assertions to check if the result is as expected
    assert result == {
        'file_var': 'value1',
        'yaml_var': 'value2',
        'json_var': 'value3',
        'key1': 'value4',
        'key2': 'value5'
    }

    # Check if the loader methods were called with the correct arguments
   

# Generated at 2024-03-18 04:48:46.898342
```python
    # Test cases for merge_hash function
    def test_simple_merge():
        dict_x = {'a': 1, 'b': 2}
        dict_y = {'b': 3, 'c': 4}
        expected = {'a': 1, 'b': 3, 'c': 4}
        assert merge_hash(dict_x, dict_y) == expected

    def test_recursive_merge():
        dict_x = {'a': {'x': 1}, 'b': 2}
        dict_y = {'a': {'y': 2}, 'b': 3}
        expected = {'a': {'x': 1, 'y': 2}, 'b': 3}
        assert merge_hash(dict_x, dict_y, recursive=True) == expected

    def test_list_replace_merge():
        dict_x = {'a': [1, 2], 'b': 2}
        dict_y = {'a

# Generated at 2024-03-18 04:48:55.228501
```python
    # Mocking the context and loader objects for testing purposes
    mock_context = MagicMock()
    mock_loader = MagicMock()

    # Mocking the CLI arguments that would be passed to the function
    mock_context.CLIARGS = {
        'extra_vars': [
            '@test_vars_file.yml',  # File input
            'key1=value1',          # Direct key-value input
            '{"key2": "value2"}',   # JSON input
            '[{"key3": "value3"}]'  # YAML input (list of dictionaries)
        ]
    }

    # Mocking the loader's response to loading files
    mock_loader.load_from_file.return_value = {'file_key': 'file_value'}
    mock_loader.load.return_value = {'json_key': 'json_value'}

    # Mocking the parse_kv function to return a dictionary
    def mock_parse_kv(kv_string):
        return dict([kv_string.split('=')])

    # Re

# Generated at 2024-03-18 04:49:00.443015
```python
    assert isidentifier("valid_var_name")
    assert not isidentifier("invalid-var-name")
    assert not isidentifier("invalid var name")
    assert not isidentifier("True")
    assert not isidentifier("False")
    assert not isidentifier("None")
    assert not isidentifier("123invalid")
    assert not isidentifier("")
    assert not isidentifier("with space")
    assert not isidentifier("with-hyphen")
    assert not isidentifier("with.dot")
    assert not isidentifier("with/slash")
    assert not isidentifier("with\\backslash")
    assert not isidentifier("with:colon")
    assert not isidentifier("with*star")
    assert not isidentifier("with!exclamation")
    assert not isidentifier("with@at")
    assert not isidentifier("with#hash")
    assert not isidentifier("with$dollar")
    assert not isidentifier("with%percent")
    assert not isidentifier("with^

# Generated at 2024-03-18 04:49:08.369513
```python
    # Mocking the context and loader for the purpose of this test
    class MockLoader:
        def load_from_file(self, file_name):
            return {'from_file': True}

        def load(self, data):
            return {'loaded': True}

    class MockContext:
        CLIARGS = {
            'extra_vars': [
                '@file.yml',
                'key1=value1 key2=value2',
                '{"json_key": "json_value"}',
                '[{"list_key": "list_value"}]'
            ]
        }

    context.CLIARGS = MockContext.CLIARGS
    loader = MockLoader()

    # Expected result after processing extra_vars
    expected = {
        'from_file': True,
        'key1': 'value1',
        'key2': 'value2',
        'json_key': 'json_value',
        'list_key': 'list_value'
    }

    # Run the load_extra_vars function
    result =

# Generated at 2024-03-18 04:49:14.322703
```python
    # Test cases for merge_hash function
    def test_simple_merge():
        dict_x = {'a': 1, 'b': 2}
        dict_y = {'b': 3, 'c': 4}
        expected = {'a': 1, 'b': 3, 'c': 4}
        assert merge_hash(dict_x, dict_y) == expected

    def test_recursive_merge():
        dict_x = {'a': {'x': 1}, 'b': 2}
        dict_y = {'a': {'y': 2}, 'b': 3}
        expected = {'a': {'x': 1, 'y': 2}, 'b': 3}
        assert merge_hash(dict_x, dict_y, recursive=True) == expected

    def test_list_replace_merge():
        dict_x = {'a': [1, 2], 'b': 2}
        dict_y = {'a

# Generated at 2024-03-18 04:49:20.734427
```python
    # Mocking the context and loader for the purpose of this test
    class MockLoader:
        def load_from_file(self, file_name):
            return {'from_file': True}

        def load(self, data):
            return {'loaded_data': data}

    context.CLIARGS = {'extra_vars': []}

    # Test with empty extra_vars
    loader = MockLoader()
    assert load_extra_vars(loader) == {}

    # Test with extra_vars from file
    context.CLIARGS['extra_vars'] = ['@vars_file.yml']
    assert load_extra_vars(loader) == {'from_file': True}

    # Test with extra_vars as YAML
    context.CLIARGS['extra_vars'] = ['{key: value}']
    assert load_extra_vars(loader) == {'loaded_data': '{key: value}'}

    # Test with extra_vars as Key-value
    context.CLIARGS['extra_vars'] = ['key=value']
    assert

# Generated at 2024-03-18 04:49:26.853107
```python
    # Test simple merge
    x = {'a': 1, 'b': 2}
    y = {'b': 3, 'c': 4}
    merged = merge_hash(x, y)
    assert merged == {'a': 1, 'b': 3, 'c': 4}, "Simple merge failed"

    # Test recursive merge
    x = {'a': {'x': 1}, 'b': {'y': 2}}
    y = {'a': {'z': 3}, 'b': {'y': 3}}
    merged = merge_hash(x, y, recursive=True)
    assert merged == {'a': {'x': 1, 'z': 3}, 'b': {'y': 3}}, "Recursive merge failed"

    # Test list merge with replace
    x = {'a': [1, 2], 'b': [3, 4]}
    y =

# Generated at 2024-03-18 04:49:39.739177
    assert isidentifier("valid_var_name")
    assert not isidentifier("invalid-var-name")
    assert not isidentifier("invalid var name")
    assert not isidentifier("True")
    assert not isidentifier("False")
    assert not isidentifier("None")
    assert not isidentifier("123invalid")
    assert not isidentifier("")
    assert not isidentifier("with space")
    assert not isidentifier("with-hyphen")
    assert not isidentifier("with.dot")
    assert not isidentifier("with/slash")
    assert not isidentifier("with\\backslash")
    assert not isidentifier("καλημέρα")
    assert not isidentifier("こんにちは")
    assert not isidentifier("你好")
    assert not isidentifier("مرحبا")
    assert not isidentifier("🚀")
    assert isidentifier("_underscore")
    assert isidentifier("_underscore_with_text123")
    assert isidentifier("variable123")
    assert not

# Generated at 2024-03-18 04:49:45.182776
```python
    # Mocking the context and loader objects for testing purposes
    mock_loader = MagicMock()
    mock_loader.load_from_file = MagicMock(return_value={'file_var': 'value1'})
    mock_loader.load = MagicMock(return_value={'yaml_var': 'value2'})
    context.CLIARGS = MagicMock(return_value={
        'extra_vars': [
            '@file.yml',  # Simulate file input
            '{"json_var": "value3"}',  # Simulate JSON input
            'key1=value4 key2=value5'  # Simulate key-value input
        ]
    })

    # Expected result after processing extra_vars
    expected = {
        'file_var': 'value1',
        'yaml_var': 'value2',
        'json_var': 'value3',
        'key1': 'value4',
        'key2': 'value5'
    }

    # Run the load_extra_vars function with the mocked loader
    result =

# Generated at 2024-03-18 04:49:59.109592
```python
    # Mocking the context and loader objects for testing purposes
    mock_loader = MagicMock()
    mock_loader.load_from_file = MagicMock(return_value={'file_var': 'value1'})
    mock_loader.load = MagicMock(return_value={'yaml_var': 'value2'})
    context.CLIARGS = MagicMock(return_value={
        'extra_vars': [
            '@file.yml',  # Simulate file input
            '{"json_var": "value3"}',  # Simulate JSON input
            'key1=value4 key2=value5'  # Simulate key-value input
        ]
    })

    # Expected result after processing extra_vars
    expected = {
        'file_var': 'value1',
        'yaml_var': 'value2',
        'json_var': 'value3',
        'key1': 'value4',
        'key2': 'value5'
    }

    # Run the load_extra_vars function with the mocked loader
    result =

# Generated at 2024-03-18 04:50:05.319475
```python
    # Mocking the context and loader for the purpose of this test
    class MockLoader:
        def load_from_file(self, file_name):
            return {'from_file': True}

        def load(self, data):
            return {'loaded_data': data}

    context.CLIARGS = {'extra_vars': []}
    loader = MockLoader()

    # Test with empty extra_vars
    assert load_extra_vars(loader) == {}

    # Test with extra_vars from file
    context.CLIARGS['extra_vars'] = ['@vars_file.yml']
    assert load_extra_vars(loader) == {'from_file': True}

    # Test with extra_vars as YAML
    context.CLIARGS['extra_vars'] = ['{key: value}']
    assert load_extra_vars(loader) == {'loaded_data': '{key: value}'}

    # Test with extra_vars as key-value
    context.CLIARGS['extra_vars'] = ['key=value']
    assert

# Generated at 2024-03-18 04:50:13.408504
```python
    # Test simple merge
    dict_x = {'a': 1, 'b': 2}
    dict_y = {'b': 3, 'c': 4}
    merged = merge_hash(dict_x, dict_y)
    assert merged == {'a': 1, 'b': 3, 'c': 4}, "Simple merge failed"

    # Test recursive merge
    dict_x = {'a': {'x': 1}, 'b': 2}
    dict_y = {'a': {'y': 2}, 'b': 3}
    merged = merge_hash(dict_x, dict_y, recursive=True)
    assert merged == {'a': {'x': 1, 'y': 2}, 'b': 3}, "Recursive merge failed"

    # Test list merge with replace
    dict_x = {'a': [1, 2], 'b': 2}
    dict_y = {'a

# Generated at 2024-03-18 04:50:21.419171
```python
    # Mocking the context and loader objects for testing purposes
    mock_loader = MagicMock()
    mock_loader.load_from_file = MagicMock(return_value={'file_var': 'value1'})
    mock_loader.load = MagicMock(return_value={'yaml_var': 'value2'})
    context.CLIARGS = {'extra_vars': ['@file.yml', '{"json_var": "value3"}', 'key=value4']}

    # Call the function with the mocked objects
    result = load_extra_vars(mock_loader)

    # Assertions to check if the result is as expected
    assert result == {
        'file_var': 'value1',
        'yaml_var': 'value2',
        'json_var': 'value3',
        'key': 'value4'
    }, "load_extra_vars did not return the expected dictionary"

    # Reset mock side effects if needed
    mock_loader.load_from_file.reset_mock()
    mock_loader.load.reset_mock()
```

# Generated at 2024-03-18 04:50:30.878703
```python
    # Mocking the context and loader for the purpose of this test
    class MockLoader:
        def load_from_file(self, file_name):
            return {'from_file': True}

        def load(self, data):
            return {'loaded_data': data}

    context.CLIARGS = {'extra_vars': []}

    # Test with empty extra_vars
    loader = MockLoader()
    assert load_extra_vars(loader) == {}

    # Test with extra_vars from file
    context.CLIARGS['extra_vars'] = ['@vars_file.yml']
    assert load_extra_vars(loader) == {'from_file': True}

    # Test with extra_vars as YAML
    context.CLIARGS['extra_vars'] = ['{key: value}']
    assert load_extra_vars(loader) == {'loaded_data': '{key: value}'}

    # Test with extra_vars as Key-value
    context.CLIARGS['extra_vars'] = ['key=value']
    assert

# Generated at 2024-03-18 04:50:38.089223
```python
    # Mocking the context and loader objects
    mock_loader = MagicMock()
    mock_loader.load_from_file = MagicMock(return_value={'file_var': 'value1'})
    mock_loader.load = MagicMock(return_value={'yaml_var': 'value2'})
    context.CLIARGS = MagicMock(return_value={
        'extra_vars': [
            '@file.yml',
            '{"json_var": "value3"}',
            'key1=value4 key2=value5'
        ]
    })

    # Call the function with the mocked objects
    result = load_extra_vars(mock_loader)

    # Assertions to check if the result is as expected
    assert result == {
        'file_var': 'value1',
        'yaml_var': 'value2',
        'json_var': 'value3',
        'key1': 'value4',
        'key2': 'value5'
    }

    # Check if the loader methods were called with the correct arguments
    mock_loader.load

# Generated at 2024-03-18 04:50:44.202093
```python
    assert isidentifier("valid_var_name")
    assert not isidentifier("invalid-var-name")
    assert not isidentifier("invalid var name")
    assert not isidentifier("True")
    assert not isidentifier("False")
    assert not isidentifier("None")
    assert not isidentifier("123invalid")
    assert not isidentifier("")
    assert not isidentifier("with space")
    assert not isidentifier("with-hyphen")
    assert not isidentifier("with.dot")
    assert not isidentifier("with/slash")
    assert not isidentifier("with\\backslash")
    assert not isidentifier("καλημέρα")
    assert not isidentifier("こんにちは")
    assert not isidentifier("你好")
    assert not isidentifier("مرحبا")
    assert not isidentifier("🚀")
    assert not isidentifier("var🚀name")
    assert not isidentifier("var_name🚀")
   

# Generated at 2024-03-18 04:50:49.778046
    # Test cases for merge_hash function
    assert merge_hash({}, {}) == {}
    assert merge_hash({'a': 1}, {}) == {'a': 1}
    assert merge_hash({}, {'b': 2}) == {'b': 2}
    assert merge_hash({'a': 1}, {'b': 2}) == {'a': 1, 'b': 2}
    assert merge_hash({'a': 1}, {'a': 2}) == {'a': 2}
    assert merge_hash({'a': {'b': 1}}, {'a': {'c': 2}}) == {'a': {'b': 1, 'c': 2}}
    assert merge_hash({'a': [1, 2]}, {'a': [3, 4]}, list_merge='replace') == {'a': [3, 4]}
    assert merge_hash({'a': [1, 2]}, {'a': [3,

# Generated at 2024-03-18 04:50:57.884087
```python
    # Test cases for combine_vars function
    def test_combine_vars_replace():
        a = {'x': 1, 'y': 2}
        b = {'y': 3, 'z': 4}
        result = combine_vars(a, b, merge=False)
        expected = {'x': 1, 'y': 3, 'z': 4}
        assert result == expected, "Expected result did not match for replace"

    def test_combine_vars_merge():
        a = {'x': 1, 'y': 2}
        b = {'y': 3, 'z': 4}
        result = combine_vars(a, b, merge=True)
        expected = {'x': 1, 'y': 3, 'z': 4}
        assert result == expected, "Expected result did not match for merge"

    def test_combine_vars_default_behaviour():
        original_hash_behaviour = C.DEFAULT_HASH

# Generated at 2024-03-18 04:51:03.227633
    assert isidentifier("valid_var_name")
    assert not isidentifier("invalid-var-name")
    assert not isidentifier("invalid var name")
    assert not isidentifier("True")
    assert not isidentifier("False")
    assert not isidentifier("None")
    assert not isidentifier("123invalid")
    assert not isidentifier("")
    assert not isidentifier("with space")
    assert not isidentifier("with-hyphen")
    assert not isidentifier("with.dot")
    assert not isidentifier("with/slash")
    assert not isidentifier("with\\backslash")
    assert not isidentifier("καλημέρα")
    assert not isidentifier("こんにちは")
    assert not isidentifier("你好")
    assert not isidentifier("مرحبا")
    assert not isidentifier("🚀")
    assert not isidentifier("no🚀")
    assert not isidentifier("no-dash")
    assert not isidentifier("no

# Generated at 2024-03-18 04:51:16.414301
    # Test cases for merge_hash function
    assert merge_hash({}, {}) == {}
    assert merge_hash({'a': 1}, {}) == {'a': 1}
    assert merge_hash({}, {'b': 2}) == {'b': 2}
    assert merge_hash({'a': 1}, {'b': 2}) == {'a': 1, 'b': 2}
    assert merge_hash({'a': 1}, {'a': 2}) == {'a': 2}
    assert merge_hash({'a': {'b': 1}}, {'a': {'c': 2}}) == {'a': {'b': 1, 'c': 2}}
    assert merge_hash({'a': [1, 2]}, {'a': [3, 4]}, list_merge='replace') == {'a': [3, 4]}
    assert merge_hash({'a': [1, 2]}, {'a': [3,

# Generated at 2024-03-18 04:51:25.243120
```python
    # Mocking the context and loader for the purpose of this test
    class MockLoader:
        def load_from_file(self, file_name):
            return {'from_file': True, 'file_name': file_name}

        def load(self, data):
            return {'loaded_data': data}

    class MockContext:
        CLIARGS = {
            'extra_vars': [
                '@file.yml',
                '{"json_key": "json_value"}',
                'key=value'
            ]
        }

    context.CLIARGS = MockContext.CLIARGS
    loader = MockLoader()

    # Expected results
    expected_extra_vars = {
        'from_file': True,
        'file_name': 'file.yml',
        'json_key': 'json_value',
        'key': 'value'
    }

    # Run the test
    extra_vars = load_extra_vars(loader)

    # Assert the results
    assert extra_vars == expected_extra_vars, "Expected extra_vars

# Generated at 2024-03-18 04:51:30.442352
    assert isidentifier("valid_var_name")
    assert not isidentifier("invalid-var-name")
    assert not isidentifier("invalid var name")
    assert not isidentifier("True")
    assert not isidentifier("False")
    assert not isidentifier("None")
    assert not isidentifier("123invalid")
    assert not isidentifier("")
    assert not isidentifier("with space")
    assert not isidentifier("with-hyphen")
    assert not isidentifier("with.dot")
    assert not isidentifier("with/slash")
    assert not isidentifier("with\\backslash")
    assert not isidentifier("καλημέρα")
    assert not isidentifier("こんにちは")
    assert not isidentifier("你好")
    assert not isidentifier("مرحبا")
    assert not isidentifier("🚀")
    assert not isidentifier("no🚀")
    assert not isidentifier("no-dash")
    assert not isidentifier("no

# Generated at 2024-03-18 04:51:38.010821
```python
    # Mocking the context and loader objects for testing purposes
    class MockLoader:
        def load_from_file(self, file_name):
            return {'from_file': True, 'file_name': file_name}

        def load(self, data):
            return {'loaded_data': data}

    class MockContext:
        CLIARGS = {
            'extra_vars': [
                '@test_file.yml',
                'key1=value1 key2=value2',
                '{"json_key": "json_value"}',
                '[1, 2, 3]'
            ]
        }

    context.CLIARGS = MockContext.CLIARGS
    loader = MockLoader()

    # Expected results
    expected_extra_vars = {
        'from_file': True,
        'file_name': 'test_file.yml',
        'key1': 'value1',
        'key2': 'value2',
        'json_key': 'json_value',
        'loaded_data': [1, 

# Generated at 2024-03-18 04:51:46.576449
```python
    assert isidentifier("valid_identifier")
    assert not isidentifier("invalid identifier")
    assert not isidentifier("invalid-identifier")
    assert not isidentifier("invalid.identifier")
    assert not isidentifier("123invalid")
    assert not isidentifier("None")
    assert not isidentifier("True")
    assert not isidentifier("False")
    assert not isidentifier("")
    assert not isidentifier("with space")
    assert not isidentifier("with/slash")
    assert not isidentifier("with\\backslash")
    assert not isidentifier("with:colon")
    assert not isidentifier("with*asterisk")
    assert not isidentifier("with?question")
    assert not isidentifier("with!exclamation")
    assert not isidentifier("with@at")
    assert not isidentifier("with#hash")
    assert not isidentifier("with$dollar")
    assert not isidentifier("with%percent")
    assert not isidentifier("with^caret")


# Generated at 2024-03-18 04:51:52.545107
```python
    # Test cases for merge_hash function

    # Test non-recursive merge with replace
    assert merge_hash({'a': 1, 'b': 2}, {'b': 3, 'c': 4}, recursive=False) == {'a': 1, 'b': 3, 'c': 4}

    # Test recursive merge with replace
    assert merge_hash({'a': {'x': 1}}, {'a': {'y': 2}}, recursive=True) == {'a': {'x': 1, 'y': 2}}

    # Test list merge with replace
    assert merge_hash({'a': [1, 2]}, {'a': [3, 4]}, list_merge='replace') == {'a': [3, 4]}

    # Test list merge with append
    assert merge_hash({'a': [1, 2]}, {'a': [3, 4]}, list_merge='

# Generated at 2024-03-18 04:51:57.904667
```python
    # Mocking the context and loader for the purpose of this test
    class MockLoader:
        def load_from_file(self, file_name):
            return {'from_file': True}

        def load(self, data):
            return {'loaded': True}

    class MockContext:
        CLIARGS = {
            'extra_vars': [
                '@file.yml',
                'key1=value1',
                '{"key2": "value2"}',
                '[invalid',
                'key3=value3'
            ]
        }

    context.CLIARGS = MockContext.CLIARGS
    loader = MockLoader()

    # Test with valid extra vars
    extra_vars = load_extra_vars(loader)
    assert extra_vars == {
        'from_file': True,
        'key1': 'value1',
        'key2': 'value2',
        'key3': 'value3'
    }, "Test with valid extra vars failed"

    # Test with invalid extra vars

# Generated at 2024-03-18 04:52:03.019187
```python
    # Mocking the context and loader for the purpose of this test
    class MockLoader:
        def load_from_file(self, file_name):
            return {'from_file': True}

        def load(self, data):
            return {'loaded_data': data}

    context.CLIARGS = {'extra_vars': ['@vars.yml', 'key1=value1', '{"key2": "value2"}']}

    loader = MockLoader()

    # Call the function with the mocked context and loader
    result = load_extra_vars(loader)

    # Expected result combines all the different types of extra vars
    expected = {
        'from_file': True,
        'key1': 'value1',
        'key2': 'value2'
    }

    # Assert the result matches the expected output
    assert result == expected, "Expected result did not match actual result"
```

# Generated at 2024-03-18 04:52:09.833422
```python
    # Test cases for merge_hash function
    def test_simple_merge():
        dict_x = {'a': 1, 'b': 2}
        dict_y = {'b': 3, 'c': 4}
        expected = {'a': 1, 'b': 3, 'c': 4}
        assert merge_hash(dict_x, dict_y) == expected

    def test_recursive_merge():
        dict_x = {'a': {'x': 1}, 'b': 2}
        dict_y = {'a': {'y': 2}, 'b': 3}
        expected = {'a': {'x': 1, 'y': 2}, 'b': 3}
        assert merge_hash(dict_x, dict_y, recursive=True) == expected

    def test_list_merge_replace():
        dict_x = {'a': [1, 2], 'b': 2}
        dict_y = {'a

# Generated at 2024-03-18 04:52:14.525852
```python
    # Test cases for merge_hash function
    def test_simple_merge():
        dict_x = {'a': 1, 'b': 2}
        dict_y = {'b': 3, 'c': 4}
        expected = {'a': 1, 'b': 3, 'c': 4}
        assert merge_hash(dict_x, dict_y) == expected

    def test_recursive_merge():
        dict_x = {'a': {'x': 1}, 'b': 2}
        dict_y = {'a': {'y': 2}, 'b': 3}
        expected = {'a': {'x': 1, 'y': 2}, 'b': 3}
        assert merge_hash(dict_x, dict_y, recursive=True) == expected

    def test_list_replace():
        dict_x = {'a': [1, 2], 'b': 2}
        dict_y = {'a':

# Generated at 2024-03-18 04:52:28.227132
```python
    # Mocking the context and loader for the purpose of this test
    class MockLoader:
        def load_from_file(self, file_name):
            return {'from_file': True}

        def load(self, data):
            return {'loaded': True}

    class MockCLIARGS:
        def get(self, key, default=None):
            if key == 'extra_vars':
                return [
                    '@file.yml',  # Simulate file input
                    '{"json_key": "json_value"}',  # Simulate JSON input
                    'key=value'  # Simulate key=value input
                ]
            return default

    context.CLIARGS = MockCLIARGS()
    loader = MockLoader()

    # Run the test
    result = load_extra_vars(loader)

    # Expected result
    expected = {
        'from_file': True,
        'loaded': True,
        'json_key': 'json_value',
        'key': 'value'
    }



# Generated at 2024-03-18 04:52:33.339243
```python
    # Mocking the context and loader objects for testing purposes
    class MockLoader:
        def load_from_file(self, file_name):
            return {'from_file': True}

        def load(self, data):
            return {'loaded_data': data}

    class MockContext:
        CLIARGS = {
            'extra_vars': [
                '@file.yml',
                'key1=value1 key2=value2',
                '{"json_key": "json_value"}',
                '[{"list_key": "list_value"}]'
            ]
        }

    context.CLIARGS = MockContext.CLIARGS
    loader = MockLoader()

    # Expected results
    expected_extra_vars = {
        'from_file': True,
        'key1': 'value1',
        'key2': 'value2',
        'json_key': 'json_value',
        'list_key': 'list_value'
    }

    # Run the test
    extra_vars = load_extra_vars(loader)



# Generated at 2024-03-18 04:52:39.576542
```python
    # Test cases for combine_vars function
    def test_combine_vars_replace():
        a = {'x': 1, 'y': 2}
        b = {'y': 3, 'z': 4}
        result = combine_vars(a, b, merge=False)
        assert result == {'x': 1, 'y': 3, 'z': 4}, "Failed replace test"

    def test_combine_vars_merge():
        a = {'x': 1, 'y': 2}
        b = {'y': 3, 'z': 4}
        result = combine_vars(a, b, merge=True)
        assert result == {'x': 1, 'y': 3, 'z': 4}, "Failed merge test"

    def test_combine_vars_default_merge_behavior():
        a = {'x': 1, 'y': 2}
        b = {'y': 3, 'z':

# Generated at 2024-03-18 04:52:46.854325
```python
    assert isidentifier("valid_var_name")
    assert not isidentifier("invalid-var-name")
    assert not isidentifier("invalid var name")
    assert not isidentifier("True")  # because it's a keyword
    assert not isidentifier("None")  # because it's a keyword
    assert not isidentifier("123invalid")  # because it starts with a digit
    assert not isidentifier("")  # because it's an empty string
    assert not isidentifier("with space")  # because it contains a space
    assert not isidentifier("with-hyphen")  # because it contains a hyphen
    assert not isidentifier("with.dots")  # because it contains dots
    assert not isidentifier("with/slash")  # because it contains a slash
    assert not isidentifier("with\\backslash")  # because it contains a backslash
    assert not isidentifier("with:colon") 

# Generated at 2024-03-18 04:52:52.850472
```python
    # Test cases for merge_hash function
    def test_simple_merge():
        dict_x = {'a': 1, 'b': 2}
        dict_y = {'b': 3, 'c': 4}
        expected = {'a': 1, 'b': 3, 'c': 4}
        assert merge_hash(dict_x, dict_y) == expected

    def test_recursive_merge():
        dict_x = {'a': {'x': 1}, 'b': 2}
        dict_y = {'a': {'y': 2}, 'b': 3}
        expected = {'a': {'x': 1, 'y': 2}, 'b': 3}
        assert merge_hash(dict_x, dict_y, recursive=True) == expected

    def test_list_replace_merge():
        dict_x = {'a': [1, 2], 'b': 2}
        dict_y = {'a

# Generated at 2024-03-18 04:53:00.738155
```python
    # Mocking the context and loader for the purpose of this test
    class MockLoader:
        def load_from_file(self, file_name):
            return {'from_file': True, 'file_name': file_name}

        def load(self, data):
            return {'loaded_data': data}

    class MockContext:
        CLIARGS = {
            'extra_vars': [
                '@file.yml',
                '{"json_key": "json_value"}',
                'key=value'
            ]
        }

    context.CLIARGS = MockContext.CLIARGS
    loader = MockLoader()

    # Expected results
    expected_extra_vars = {
        'from_file': True,
        'file_name': 'file.yml',
        'json_key': 'json_value',
        'key': 'value'
    }

    # Run the test
    extra_vars = load_extra_vars(loader)

    # Assert the results
    assert extra_vars == expected_extra_vars, "Expected extra_vars

# Generated at 2024-03-18 04:53:07.255086
```python
    assert isidentifier("valid_var_name")
    assert not isidentifier("invalid-var-name")
    assert not isidentifier("invalid var name")
    assert not isidentifier("True")
    assert not isidentifier("False")
    assert not isidentifier("None")
    assert not isidentifier("123invalid")
    assert not isidentifier("")
    assert not isidentifier("with space")
    assert not isidentifier("with-hyphen")
    assert not isidentifier("with.dot")
    assert not isidentifier("with/slash")
    assert not isidentifier("with\\backslash")
    assert not isidentifier("κόσμε")  # non-ascii characters
    assert not isidentifier("import")  # Python keyword
    assert not isidentifier("def")     # Python keyword
    assert not isidentifier("class")   # Python keyword
    assert not isidentifier("for")     # Python keyword
    assert not isidentifier("

# Generated at 2024-03-18 04:53:15.276812
```python
    # Test simple merge
    dict_x = {'a': 1, 'b': 2}
    dict_y = {'b': 3, 'c': 4}
    merged = merge_hash(dict_x, dict_y)
    assert merged == {'a': 1, 'b': 3, 'c': 4}, "Simple merge failed"

    # Test recursive merge
    dict_x = {'a': {'x': 1}, 'b': {'y': 2}}
    dict_y = {'a': {'z': 3}, 'b': {'y': 4}}
    merged = merge_hash(dict_x, dict_y, recursive=True)
    assert merged == {'a': {'x': 1, 'z': 3}, 'b': {'y': 4}}, "Recursive merge failed"

    # Test list merge with replace
    dict_x = {'a': [1, 2], 'b':

# Generated at 2024-03-18 04:53:24.185550
```python
    # Mocking the context and loader for the purpose of this test
    class MockLoader:
        def load_from_file(self, file_name):
            return {'from_file': True, 'file_name': file_name}

        def load(self, data):
            return {'loaded_data': data}

    context.CLIARGS = {
        'extra_vars': [
            '@file.yml',
            '{"json_key": "json_value"}',
            'key=value'
        ]
    }

    loader = MockLoader()

    # Call the function to test
    result = load_extra_vars(loader)

    # Expected result
    expected = {
        'from_file': True,
        'file_name': 'file.yml',
        'json_key': 'json_value',
        'key': 'value'
    }

    # Assert the result matches the expected result
    assert result == expected, "Expected result did not match actual result"
```

# Generated at 2024-03-18 04:53:30.915336
```python
    # Mocking the context and loader objects for testing purposes
    mock_loader = MagicMock()
    mock_loader.load_from_file = MagicMock(return_value={'file_var': 'value'})
    mock_loader.load = MagicMock(return_value={'yaml_var': 'value'})
    context.CLIARGS = {'extra_vars': ['@file.yml', '{"json_var": "value"}', 'key=value']}

    # Test with a file input
    mock_loader.load_from_file.assert_called_once_with('file.yml')
    assert load_extra_vars(mock_loader) == {'file_var': 'value', 'json_var': 'value', 'key': 'value'}

    # Test with a JSON string input
    mock_loader.load.assert_called_once_with('{"json_var": "value"}')
    assert load_extra_vars(mock_loader) == {'file_var': 'value', 'json_var': 'value', 'key': 'value'}

    # Test with a key=value string input
    assert

# Generated at 2024-03-18 04:53:48.346877
```python
    # Mocking the context and loader for the purpose of this test
    class MockLoader:
        def load_from_file(self, file_name):
            return {'from_file': True}

        def load(self, data):
            return {'loaded_data': data}

    class MockContext:
        CLIARGS = {
            'extra_vars': [
                '@file.yml',
                'key1=value1 key2=value2',
                '{"json_key": "json_value"}',
                '[list_item1, list_item2]'
            ]
        }

    context.CLIARGS = MockContext.CLIARGS
    loader = MockLoader()

    # Expected results
    expected_extra_vars = {
        'from_file': True,
        'key1': 'value1',
        'key2': 'value2',
        'json_key': 'json_value',
        'loaded_data': ['list_item1', 'list_item2']
    }

    # Run the test
    extra

# Generated at 2024-03-18 04:53:56.736860
```python
    # Test simple merge
    x = {'a': 1, 'b': 2}
    y = {'b': 3, 'c': 4}
    expected = {'a': 1, 'b': 3, 'c': 4}
    assert merge_hash(x, y) == expected

    # Test recursive merge
    x = {'a': {'x': 1}, 'b': 2}
    y = {'a': {'y': 2}, 'b': 3}
    expected = {'a': {'x': 1, 'y': 2}, 'b': 3}
    assert merge_hash(x, y, recursive=True) == expected

    # Test list merge with replace
    x = {'a': [1, 2], 'b': 2}
    y = {'a': [3, 4], 'b': 3}
    expected = {'a

# Generated at 2024-03-18 04:54:05.246295
```python
    # Mocking the context and loader objects for testing purposes
    class MockLoader:
        def load_from_file(self, file_name):
            return {'from_file': True}

        def load(self, data):
            return {'loaded_data': True}

    class MockContext:
        CLIARGS = {
            'extra_vars': [
                '@file.yml',
                'key1=value1 key2=value2',
                '{"json_key": "json_value"}',
                '[{"list_key": "list_value"}]'
            ]
        }

    context.CLIARGS = MockContext.CLIARGS
    loader = MockLoader()

    # Expected results
    expected_extra_vars = {
        'from_file': True,
        'key1': 'value1',
        'key2': 'value2',
        'json_key': 'json_value',
        'list_key': 'list_value'
    }

    # Run the test
    extra_vars = load_extra_vars(loader)



# Generated at 2024-03-18 04:54:12.247231
```python
    # Mocking the context and loader for the purpose of this test
    class MockLoader:
        def load_from_file(self, file_name):
            return {'from_file': True}

        def load(self, data):
            return {'loaded_data': True}

    class MockContext:
        CLIARGS = {
            'extra_vars': [
                '@file.yml',
                '{"json_key": "json_value"}',
                'key=value'
            ]
        }

    context.CLIARGS = MockContext.CLIARGS
    loader = MockLoader()

    # Expected result is a combination of file, JSON, and key-value extra vars
    expected = {
        'from_file': True,
        'json_key': 'json_value',
        'key': 'value'
    }

    # Run the test
    result = load_extra_vars(loader)

    # Assert the result matches the expected output
    assert result == expected, "Expected extra vars did not match the result

# Generated at 2024-03-18 04:54:21.520016
```python
    # Mocking the context and loader for the purpose of this test
    class MockLoader:
        def load_from_file(self, file_name):
            return {'from_file': True, 'file_name': file_name}

        def load(self, data):
            return {'loaded_data': data}

    context.CLIARGS = {
        'extra_vars': [
            '@file.yml',
            '{"json_key": "json_value"}',
            'key=value'
        ]
    }

    loader = MockLoader()

    # Expected result is a combination of all extra vars
    expected = {
        'from_file': True,
        'file_name': 'file.yml',
        'json_key': 'json_value',
        'key': 'value'
    }

    # Run the test
    result = load_extra_vars(loader)

    # Assert the result matches the expected output
    assert result == expected, "Expected result did not match actual result"
```

# Generated at 2024-03-18 04:54:30.370223
```python
    # Mocking the context and loader for the purpose of this test
    class MockLoader:
        def load_from_file(self, file_name):
            return {'from_file': True, 'file_name': file_name}

        def load(self, data):
            return {'loaded_data': data}

    context.CLIARGS = {
        'extra_vars': [
            '@file.yml',
            '{"json_key": "json_value"}',
            'key=value'
        ]
    }

    loader = MockLoader()

    # Call the function to test
    result = load_extra_vars(loader)

    # Expected result
    expected = {
        'from_file': True,
        'file_name': 'file.yml',
        'json_key': 'json_value',
        'key': 'value'
    }

    # Assert the result matches the expected result
    assert result == expected, "Expected result did not match actual result"
```

# Generated at 2024-03-18 04:54:37.424623
```python
    # Mocking the context and loader objects for testing purposes
    mock_loader = MagicMock()
    mock_loader.load_from_file = MagicMock(return_value={'file_var': 'value1'})
    mock_loader.load = MagicMock(return_value={'yaml_var': 'value2'})
    context.CLIARGS = {'extra_vars': ['@file.yml', '{"json_var": "value3"}', 'key=value4']}

    # Call the function with the mocked objects
    result = load_extra_vars(mock_loader)

    # Assertions to check if the result is as expected
    assert result == {
        'file_var': 'value1',
        'yaml_var': 'value2',
        'json_var': 'value3',
        'key': 'value4'
    }, "load_extra_vars did not return the expected dictionary"

    # Reset the context for other tests
    context.CLIARGS = {}
```

# Generated at 2024-03-18 04:54:43.867831
    assert isidentifier("valid_var_name")
    assert not isidentifier("invalid-var-name")
    assert not isidentifier("invalid var name")
    assert not isidentifier("True")
    assert not isidentifier("False")
    assert not isidentifier("None")
    assert not isidentifier("123invalid")
    assert not isidentifier("")
    assert not isidentifier("with space")
    assert not isidentifier("with-hyphen")
    assert not isidentifier("with.dot")
    assert not isidentifier("with/slash")
    assert not isidentifier("with\\backslash")
    assert not isidentifier("éxotic")
    assert not isidentifier("😀")
    assert not isidentifier("with:colon")
    assert not isidentifier("with;semicolon")
    assert not isidentifier("with'quote")
    assert not isidentifier("with\"doublequote")
    assert not isidentifier("with?question")
    assert not isidentifier("with!exclamation")
   

# Generated at 2024-03-18 04:54:51.908148
```python
    # Test cases for merge_hash function
    def test_simple_merge():
        dict_x = {'a': 1, 'b': 2}
        dict_y = {'b': 3, 'c': 4}
        expected = {'a': 1, 'b': 3, 'c': 4}
        assert merge_hash(dict_x, dict_y) == expected

    def test_recursive_merge():
        dict_x = {'a': {'x': 1}, 'b': 2}
        dict_y = {'a': {'y': 2}, 'b': 3}
        expected = {'a': {'x': 1, 'y': 2}, 'b': 3}
        assert merge_hash(dict_x, dict_y, recursive=True) == expected

    def test_list_replace_merge():
        dict_x = {'a': [1, 2], 'b': 2}
        dict_y = {'a

# Generated at 2024-03-18 04:55:03.016064
    # Test cases for merge_hash function
    assert merge_hash({}, {}) == {}
    assert merge_hash({'a': 1}, {}) == {'a': 1}
    assert merge_hash({}, {'b': 2}) == {'b': 2}
    assert merge_hash({'a': 1}, {'b': 2}) == {'a': 1, 'b': 2}
    assert merge_hash({'a': 1}, {'a': 2}) == {'a': 2}
    assert merge_hash({'a': {'b': 1}}, {'a': {'c': 2}}) == {'a': {'b': 1, 'c': 2}}
    assert merge_hash({'a': [1, 2]}, {'a': [3, 4]}, list_merge='replace') == {'a': [3, 4]}
    assert merge_hash({'a': [1, 2]}, {'a': [3,

# Generated at 2024-03-18 04:55:25.189168
    assert isidentifier("valid_var_name")
    assert not isidentifier("invalid-var-name")
    assert not isidentifier("invalid var name")
    assert not isidentifier("True")
    assert not isidentifier("False")
    assert not isidentifier("None")
    assert not isidentifier("123invalid")
    assert not isidentifier("")
    assert not isidentifier("with space")
    assert not isidentifier("with-hyphen")
    assert not isidentifier("with.dot")
    assert not isidentifier("with/slash")
    assert not isidentifier("with\\backslash")
    assert not isidentifier("éxotic")
    assert not isidentifier("class")
    assert not isidentifier("def")
    assert not isidentifier("if")
    assert not isidentifier("else")
    assert not isidentifier("try")
    assert not isidentifier("except")
    assert not isidentifier("import")
    assert not isidentifier("from")
    assert not isidentifier("return")


# Generated at 2024-03-18 04:55:32.362362
    assert isidentifier("valid_identifier")
    assert not isidentifier("invalid identifier")
    assert not isidentifier("123invalid")
    assert not isidentifier("invalid-identifier")
    assert not isidentifier("invalid.identifier")
    assert not isidentifier("True")
    assert not isidentifier("False")
    assert not isidentifier("None")
    assert not isidentifier("class")
    assert not isidentifier("for")
    assert not isidentifier("lambda")
    assert not isidentifier("try")
    assert not isidentifier("except")
    assert not isidentifier("")
    assert not isidentifier("with space")
    assert not isidentifier("Ünicode")
    assert not isidentifier("with-dash")
    assert not isidentifier("with.dot")
    assert not isidentifier("123startwithdigit")
    assert isidentifier("_underscore_start")
    assert isidentifier("_")
    assert not isidentifier("has space")
    assert not isidentifier("has\ttab")
    assert not

# Generated at 2024-03-18 04:55:40.691715
```python
    # Mocking the context and loader objects for testing purposes
    class MockLoader:
        def load_from_file(self, file_name):
            return {'from_file': True}

        def load(self, data):
            return {'loaded_data': True}

    class MockContext:
        CLIARGS = {
            'extra_vars': [
                '@valid_file.yml',
                'key1=value1 key2=value2',
                '{"json_key": "json_value"}',
                '[invalid',
                'no_value_prefix'
            ]
        }

    context.CLIARGS = MockContext.CLIARGS
    loader = MockLoader()

    # Expected results
    expected_extra_vars = {
        'from_file': True,
        'key1': 'value1',
        'key2': 'value2',
        'json_key': 'json_value'
    }

    # Run the test
    extra_vars = load_extra_vars(loader)

    # Assertions
    assert extra_vars ==

# Generated at 2024-03-18 04:55:48.628430
    assert isidentifier("valid_identifier")
    assert not isidentifier("invalid identifier")
    assert not isidentifier("123invalid")
    assert not isidentifier("invalid-identifier")
    assert not isidentifier("invalid.identifier")
    assert not isidentifier("True")
    assert not isidentifier("False")
    assert not isidentifier("None")
    assert not isidentifier("import")
    assert not isidentifier("class")
    assert not isidentifier("for")
    assert not isidentifier("if")
    assert not isidentifier("try")
    assert not isidentifier("except")
    assert not isidentifier("with")
    assert not isidentifier("while")
    assert not isidentifier("return")
    assert not isidentifier("break")
    assert not isidentifier("continue")
    assert not isidentifier("")
    assert not isidentifier(" ")
    assert not isidentifier("ümlaut")
    assert not isidentifier("123")
    assert not isidentifier("variable123")
    assert is

# Generated at 2024-03-18 04:55:56.792591
```python
    # Test cases for merge_hash function
    def test_simple_merge():
        dict_x = {'a': 1, 'b': 2}
        dict_y = {'b': 3, 'c': 4}
        expected = {'a': 1, 'b': 3, 'c': 4}
        assert merge_hash(dict_x, dict_y) == expected

    def test_recursive_merge():
        dict_x = {'a': {'x': 1}, 'b': 2}
        dict_y = {'a': {'y': 2}, 'b': 3}
        expected = {'a': {'x': 1, 'y': 2}, 'b': 3}
        assert merge_hash(dict_x, dict_y, recursive=True) == expected

    def test_list_replace_merge():
        dict_x = {'a': [1, 2], 'b': 2}
        dict_y = {'a

# Generated at 2024-03-18 04:56:06.082879
    assert isidentifier("valid_var_name")
    assert not isidentifier("invalid-var-name")
    assert not isidentifier("invalid var name")
    assert not isidentifier("True")
    assert not isidentifier("False")
    assert not isidentifier("None")
    assert not isidentifier("123invalid")
    assert not isidentifier("")
    assert not isidentifier("with space")
    assert not isidentifier("with-hyphen")
    assert not isidentifier("with.dot")
    assert not isidentifier("with/slash")
    assert not isidentifier("with\\backslash")
    assert not isidentifier("éxotic")
    assert not isidentifier("😀")
    assert not isidentifier("with:colon")
    assert not isidentifier("with;semicolon")
    assert not isidentifier("with'quote'")
    assert not isidentifier("with\"doublequote\"")
    assert not isidentifier("with?question")
    assert not isidentifier("with!exclamation")


# Generated at 2024-03-18 04:56:12.566894
```python
    # Mocking the context and loader for the purpose of this test
    class MockLoader:
        def load_from_file(self, file_name):
            return {'from_file': True}

        def load(self, data):
            return {'loaded_data': data}

    context.CLIARGS = {
        'extra_vars': [
            '@file.yml',
            '{"json_key": "json_value"}',
            'key=value'
        ]
    }

    loader = MockLoader()

    # Call the function with the mocked context and loader
    result = load_extra_vars(loader)

    # Expected result combines all types of extra vars
    expected = {
        'from_file': True,
        'loaded_data': '{"json_key": "json_value"}',
        'key': 'value'
    }

    # Assert the result matches the expected output
    assert result == expected, "Expected result did not match actual result"
```

# Generated at 2024-03-18 04:56:21.245208
    # Test cases for merge_hash function
    assert merge_hash({}, {}) == {}
    assert merge_hash({'a': 1}, {}) == {'a': 1}
    assert merge_hash({}, {'b': 2}) == {'b': 2}
    assert merge_hash({'a': 1}, {'b': 2}) == {'a': 1, 'b': 2}
    assert merge_hash({'a': 1}, {'a': 2}) == {'a': 2}
    assert merge_hash({'a': {'b': 1}}, {'a': {'c': 2}}) == {'a': {'b': 1, 'c': 2}}
    assert merge_hash({'a': [1, 2]}, {'a': [3, 4]}, list_merge='replace') == {'a': [3, 4]}
    assert merge_hash({'a': [1, 2]}, {'a': [3,

# Generated at 2024-03-18 04:56:29.430203
    # Test cases for merge_hash function
    assert merge_hash({'a': 1}, {'b': 2}) == {'a': 1, 'b': 2}
    assert merge_hash({'a': 1}, {'a': 2}) == {'a': 2}
    assert merge_hash({'a': {'b': 1}}, {'a': {'c': 2}}) == {'a': {'b': 1, 'c': 2}}
    assert merge_hash({'a': [1, 2]}, {'a': [3, 4]}, list_merge='replace') == {'a': [3, 4]}
    assert merge_hash({'a': [1, 2]}, {'a': [3, 4]}, list_merge='append') == {'a': [1, 2, 3, 4]}
    assert merge_hash({'a': [1, 2]}, {'a': [3, 

# Generated at 2024-03-18 04:56:37.596704
```python
    # Test cases for combine_vars function
    def test_combine_vars_replace():
        a = {'key1': 'value1', 'key2': 'value2'}
        b = {'key2': 'newvalue', 'key3': 'value3'}
        result = combine_vars(a, b, merge=False)
        assert result == {'key1': 'value1', 'key2': 'newvalue', 'key3': 'value3'}, "Failed replace test"

    def test_combine_vars_merge():
        a = {'key1': 'value1', 'key2': 'value2', 'nested': {'a': 1}}
        b = {'key2': 'newvalue', 'key3': 'value3', 'nested': {'b': 2}}
        result = combine_vars(a, b, merge=True)
        assert result == {'key1': 'value1', 'key2': 'newvalue', 'key3

# Generated at 2024-03-18 04:56:59.361908
```python
    # Test cases for combine_vars function
    def test_combine_vars_replace():
        a = {'x': 1, 'y': 2}
        b = {'y': 3, 'z': 4}
        result = combine_vars(a, b, merge=False)
        expected = {'x': 1, 'y': 3, 'z': 4}
        assert result == expected, "Expected result did not match actual result"

    def test_combine_vars_merge():
        a = {'x': 1, 'y': 2}
        b = {'y': 3, 'z': 4}
        result = combine_vars(a, b, merge=True)
        expected = {'x': 1, 'y': 3, 'z': 4}
        assert result == expected, "Expected result did not match actual result"

    def test_combine_vars_default_behaviour():
        original_hash_behaviour = C.DEFAULT_HASH

# Generated at 2024-03-18 04:57:07.887936
```python
    # Test cases for merge_hash function
    def test_simple_merge():
        dict_x = {'a': 1, 'b': 2}
        dict_y = {'b': 3, 'c': 4}
        expected = {'a': 1, 'b': 3, 'c': 4}
        assert merge_hash(dict_x, dict_y) == expected

    def test_recursive_merge():
        dict_x = {'a': {'x': 1}, 'b': 2}
        dict_y = {'a': {'y': 2}, 'b': 3}
        expected = {'a': {'x': 1, 'y': 2}, 'b': 3}
        assert merge_hash(dict_x, dict_y, recursive=True) == expected

    def test_list_replace():
        dict_x = {'a': [1, 2], 'b': 2}
        dict_y = {'a':

# Generated at 2024-03-18 04:57:17.009372
```python
    # Mocking the context and loader for the purpose of this test
    class MockLoader:
        def load_from_file(self, file_name):
            return {'from_file': True, 'file_name': file_name}

        def load(self, data):
            return {'loaded_data': data}

    class MockContext:
        CLIARGS = {
            'extra_vars': [
                '@file.yml',
                '{"json_key": "json_value"}',
                'key=value'
            ]
        }

    context.CLIARGS = MockContext.CLIARGS
    loader = MockLoader()

    # Expected results
    expected_extra_vars = {
        'from_file': True,
        'file_name': 'file.yml',
        'json_key': 'json_value',
        'key': 'value'
    }

    # Run the test
    extra_vars = load_extra_vars(loader)

    # Assert the results
    assert extra_vars == expected_extra_vars, "Expected extra_vars