

# Generated at 2024-03-18 07:11:37.030305
```python
    assert is_url('http://www.example.com')
    assert is_url('https://www.example.com')
    assert is_url('ftp://www.example.com', allowed_schemes=['ftp'])
    assert not is_url('www.example.com')
    assert not is_url('http:/www.example.com')
    assert not is_url('https://', allowed_schemes=['http'])
    assert not is_url('')  # Empty string
    assert not is_url(' ')  # String with only space
    assert not is_url(None)  # None
    assert not is_url(123)  # Non-string input
    assert is_url('http://localhost:8000', allowed_schemes=['http'])
    assert not is_url('http://localhost:8000', allowed_schemes=['https'])
```

# Generated at 2024-03-18 07:11:37.886123
```python

# Generated at 2024-03-18 07:11:39.068911
Here is the completion of the unit test function `test_is_ip_v4()`:

```python

# Generated at 2024-03-18 07:11:44.776752
```python
    assert is_json('{"name": "John", "age": 30}') == True
    assert is_json('["apple", "banana", "cherry"]') == True
    assert is_json('true') == True
    assert is_json('null') == True
    assert is_json('{"incomplete": true') == False
    assert is_json('just a string') == False
    assert is_json('1234') == False
    assert is_json('{"number": 1234}') == True
    assert is_json('') == False
    assert is_json(None) == False
    assert is_json('[Invalid JSON]') == False
```

# Generated at 2024-03-18 07:11:48.356719
Here is the completion of the unit test function `test_is_ip_v4`:

```python

# Generated at 2024-03-18 07:11:55.147388
    assert is_ip('255.200.100.75') == True
    assert is_ip('2001:db8:85a3:0000:0000:8a2e:370:7334') == True
    assert is_ip('1.2.3') == False
    assert is_ip('nope') == False
    assert is_ip('255.200.100.999') == False
    assert is_ip('2001:db8:85a3:0000:0000:8a2e:370:?') == False
    assert is_ip('::1') == True
    assert is_ip('::') == True
    assert is_ip('') == False
    assert is_ip('192.0.2.1') == True
    assert is_ip('1234::') == True
    assert is_ip('::1234') == True
    assert is_ip('2001

# Generated at 2024-03-18 07:12:00.163154
```python
    assert is_json('{"name": "John", "age": 30}') == True
    assert is_json('["apple", "banana", "cherry"]') == True
    assert is_json('true') == True
    assert is_json('null') == True
    assert is_json('{"incomplete": true') == False
    assert is_json('not a json') == False
    assert is_json('{"number": 123.45}') == True
    assert is_json('') == False
    assert is_json('42') == True
    assert is_json('{}') == True
    assert is_json('[]') == True
    assert is_json('{"nested": {"json": "object"}}') == True
    assert is_json('{"valid": true, "invalid": {1, 2, 3}}') == False
```

# Generated at 2024-03-18 07:12:09.553258
```python
    assert is_email('my.email@the-provider.com') == True
    assert is_email('user@localhost') == True
    assert is_email('user.name+tag+sorting@example.com') == True
    assert is_email('user.name@example.com') == True
    assert is_email('user.name@example') == False
    assert is_email('user.name@.example.com') == False
    assert is_email('@gmail.com') == False
    assert is_email('user@gmail') == False
    assert is_email('user.name@') == False
    assert is_email('user@.com') == False
    assert is_email('user@com') == False
    assert is_email('.user@domain.com') == False
    assert is_email('user..name@domain.com') == False
    assert is_email('user@domain..com') == False
    assert is_email('user@domain.com.') == False

# Generated at 2024-03-18 07:12:15.519671
```python
    assert is_email('my.email@the-provider.com') == True
    assert is_email('user+mailbox/department=shipping@example.com') == True
    assert is_email('customer/department=shipping@example.com') == True
    assert is_email('!def!xyz%abc@example.com') == True
    assert is_email('_Yosemite.Sam@example.com') == True
    assert is_email('~@example.com') == True
    assert is_email('.my.email@the-provider.com') == False
    assert is_email('my..email@the-provider.com') == False
    assert is_email('my.email@the-provider..com') == False
    assert is_email('my.email@.com') == False
    assert is_email('my.email@the-provider.com.') == False
    assert is_email('my.email@-the-provider.com') == False
    assert is_email('my.email@111.222.

# Generated at 2024-03-18 07:12:23.265000
```python
    assert is_email('my.email@the-provider.com') == True
    assert is_email('user@localhost') == True
    assert is_email('user.name+tag+sorting@example.com') == True
    assert is_email('user.name@example.com') == True
    assert is_email('user.name@example') == True
    assert is_email('user.name@sub.example.com') == True
    assert is_email('user.name@sub.example.travel') == True
    assert is_email('user.name@sub.example.co.jp') == True
    assert is_email('firstname-lastname@example.com') == True

    assert is_email('@gmail.com') == False
    assert is_email('plainaddress') == False
    assert is_email('email.domain.com') == False
    assert is_email('email@domain@domain.com') == False
    assert is_email('.email@domain.com') == False
    assert is_email('email

# Generated at 2024-03-18 07:12:39.467953
    assert is_ip('255.200.100.75') == True
    assert is_ip('2001:db8:85a3:0000:0000:8a2e:370:7334') == True
    assert is_ip('1.2.3') == False
    assert is_ip('nope') == False
    assert is_ip('255.200.100.999') == False
    assert is_ip('2001:db8:85a3:0000:0000:8a2e:370:?') == False
    assert is_ip('::1') == True
    assert is_ip('::') == True
    assert is_ip('::ffff:c0a8:101') == True
    assert is_ip('::ffff:192.168.1.1') == True
    assert is_ip('') == False
    assert is_ip('1234') == False


# Generated at 2024-03-18 07:12:48.368619
```python
    assert is_email('my.email@the-provider.com') == True
    assert is_email('user+mailbox/department=shipping@example.com') == True
    assert is_email('customer/department=shipping@example.com') == True
    assert is_email('!def!xyz%abc@example.com') == True
    assert is_email('_Yosemite.Sam@example.com') == True
    assert is_email('~@example.com') == True
    assert is_email('.my.email@the-provider.com') == False
    assert is_email('my..email@the-provider.com') == False
    assert is_email('my.email@the-provider..com') == False
    assert is_email('my.email@.com') == False
    assert is_email('my.email@the-provider.com.') == False
    assert is_email('my.email@-the-provider.com') == False
    assert is_email('my.email@111.222.

# Generated at 2024-03-18 07:12:54.763560
```python
    assert is_credit_card('4111111111111111') == True
    assert is_credit_card('4111111111111') == False
    assert is_credit_card('4012888888881881') == True
    assert is_credit_card('378282246310005') == True
    assert is_credit_card('6011111111111117') == True
    assert is_credit_card('5105105105105100') == True
    assert is_credit_card('5105 1051 0510 5106') == False
    assert is_credit_card('9111111111111111') == False
    assert is_credit_card('4111111111111111', 'VISA') == True
    assert is_credit_card('5105105105105100', 'MASTERCARD') == True
    assert is_credit_card('378282246310005', 'AMERICAN_EXPRESS') == True
    assert is

# Generated at 2024-03-18 07:13:02.346948
```python
    # Valid ISBN-13
    valid_isbn_13 = "9780306406157"
    checker = __ISBNChecker(valid_isbn_13)
    assert checker.is_isbn_13(), f"{valid_isbn_13} should be a valid ISBN-13"

    # Invalid ISBN-13
    invalid_isbn_13 = "9780306406158"
    checker = __ISBNChecker(invalid_isbn_13)
    assert not checker.is_isbn_13(), f"{invalid_isbn_13} should not be a valid ISBN-13"

    # ISBN-13 with hyphens
    isbn_13_with_hyphens = "978-0-306-40615-7"
    checker = __ISBNChecker(isbn_13_with_hyphens)
    assert checker.is_isbn_13(), f"{isbn_13_with_hyphens} should be a valid ISBN-13"

    #

# Generated at 2024-03-18 07:13:09.038046
    assert is_ip('255.200.100.75') == True
    assert is_ip('2001:db8:85a3:0000:0000:8a2e:370:7334') == True
    assert is_ip('1.2.3') == False
    assert is_ip('nope') == False
    assert is_ip('255.200.100.999') == False
    assert is_ip('2001:db8:85a3:0000:0000:8a2e:370:?') == False
    assert is_ip('::1') == True
    assert is_ip('::') == True
    assert is_ip('::ffff:c0a8:101') == True
    assert is_ip('') == False
    assert is_ip('1234') == False
    assert is_ip('192.168.1.1') == True
    assert is

# Generated at 2024-03-18 07:13:16.397967
```python
    # Valid ISBN-13
    valid_isbn_13 = "9780306406157"
    checker = __ISBNChecker(valid_isbn_13)
    assert checker.is_isbn_13(), f"{valid_isbn_13} should be a valid ISBN-13"

    # Invalid ISBN-13
    invalid_isbn_13 = "9780306406158"
    checker = __ISBNChecker(invalid_isbn_13)
    assert not checker.is_isbn_13(), f"{invalid_isbn_13} should not be a valid ISBN-13"

    # ISBN-13 with hyphens
    isbn_13_with_hyphens = "978-0-306-40615-7"
    checker = __ISBNChecker(isbn_13_with_hyphens)
    assert checker.is_isbn_13(), f"{isbn_13_with_hyphens} should be a valid ISBN-13"

    #

# Generated at 2024-03-18 07:13:23.088431
    assert is_ip('255.200.100.75') == True
    assert is_ip('2001:db8:85a3:0000:0000:8a2e:370:7334') == True
    assert is_ip('1.2.3') == False
    assert is_ip('nope') == False
    assert is_ip('255.200.100.999') == False
    assert is_ip('2001:db8:85a3:0000:0000:8a2e:370:?') == False
    assert is_ip('::1') == True
    assert is_ip('::') == True
    assert is_ip('') == False
    assert is_ip('192.0.2.1') == True
    assert is_ip('1234::') == True
    assert is_ip('::1234') == True
    assert is_ip('2001

# Generated at 2024-03-18 07:13:29.896436
```python
    assert is_json('{"name": "John", "age": 30}') == True
    assert is_json('["apple", "banana", "cherry"]') == True
    assert is_json('{"name": "John", "age": "thirty"}') == True
    assert is_json('true') == True
    assert is_json('null') == True
    assert is_json('{"incomplete": true') == False
    assert is_json('just a string') == False
    assert is_json('42') == False
    assert is_json('{"not": "a json", "missing": "value}') == False
    assert is_json('') == False
    assert is_json('{"name": "John", "age": 30,}') == False  # Trailing comma is not allowed in JSON
```

# Generated at 2024-03-18 07:13:31.496946
Here is the completion of the unit test function `test_is_ip_v4()`:

```python

# Generated at 2024-03-18 07:13:39.341702
```python
    # Valid ISBN-13
    valid_isbn_13 = "9780306406157"
    checker = __ISBNChecker(valid_isbn_13)
    assert checker.is_isbn_13(), f"{valid_isbn_13} should be a valid ISBN-13"

    # Invalid ISBN-13
    invalid_isbn_13 = "9780306406158"
    checker = __ISBNChecker(invalid_isbn_13)
    assert not checker.is_isbn_13(), f"{invalid_isbn_13} should be an invalid ISBN-13"

    # ISBN-13 with hyphens
    isbn_13_with_hyphens = "978-0-306-40615-7"
    checker = __ISBNChecker(isbn_13_with_hyphens)
    assert checker.is_isbn_13(), f"{isbn_13_with_hyphens} should be a valid ISBN-13"

    # Short

# Generated at 2024-03-18 07:13:56.876076
```python

# Generated at 2024-03-18 07:14:02.466404
```python
    assert is_email('my.email@the-provider.com') == True
    assert is_email('user+mailbox/department=shipping@example.com') == True
    assert is_email('customer/department=shipping@example.com') == True
    assert is_email('!def!xyz%abc@example.com') == True
    assert is_email('_Yosemite.Sam@example.com') == True
    assert is_email('~@example.com') == True
    assert is_email('.my.email@the-provider.com') == False
    assert is_email('my..email@the-provider.com') == False
    assert is_email('my.email@the-provider..com') == False
    assert is_email('my.email@.com') == False
    assert is_email('my.email@the-provider') == False
    assert is_email('my.email@111.222.333.44444') == False
    assert is_email('my.email') ==

# Generated at 2024-03-18 07:14:03.653644
```python
import unittest


# Generated at 2024-03-18 07:14:10.391221
    assert not is_ip_v4(None)
    assert not is_ip_v4('')
    assert not is_ip_v4(' ')
    assert not is_ip_v4('nope')
    assert not is_ip_v4('255.200.100.999')
    assert not is_ip_v4('256.100.100.75')
    assert not is_ip_v4('192.168.1.256')
    assert not is_ip_v4('192.168.1.-1')
    assert not is_ip_v4('192.168.1.1.1')
    assert not is_ip_v4('192.168.1')
    assert not is_ip_v4('192.168.1.')
    assert not is_ip_v4('.192.168.1.1')
    assert not is_ip_v4('192.168.1.01')
    assert is_ip_v4('255.200.100.75')
    assert is_ip_v4

# Generated at 2024-03-18 07:14:18.442992
    assert is_ip('255.200.100.75') == True
    assert is_ip('2001:db8:85a3:0000:0000:8a2e:370:7334') == True
    assert is_ip('1.2.3') == False
    assert is_ip('nope') == False
    assert is_ip('255.200.100.999') == False
    assert is_ip('2001:db8:85a3:0000:0000:8a2e:370:?') == False
    assert is_ip('::1') == True
    assert is_ip('::') == True
    assert is_ip('::ffff:c0a8:101') == True
    assert is_ip('') == False
    assert is_ip('1234') == False
    assert is_ip('192.168.1.1') == True
    assert is

# Generated at 2024-03-18 07:14:27.732123
```python
    # Test valid VISA card
    assert is_credit_card('4111111111111111', 'VISA')
    assert is_credit_card('4012888888881881', 'VISA')

    # Test valid MasterCard
    assert is_credit_card('5555555555554444', 'MASTERCARD')
    assert is_credit_card('5105105105105100', 'MASTERCARD')

    # Test valid American Express
    assert is_credit_card('378282246310005', 'AMERICAN_EXPRESS')
    assert is_credit_card('371449635398431', 'AMERICAN_EXPRESS')

    # Test valid Diners Club
    assert is_credit_card('30569309025904', 'DINERS_CLUB')
    assert is_credit_card('38520000023237', 'DINERS_CLUB')

    # Test valid Discover
    assert is_credit_card('6011111111111117', 'DIS

# Generated at 2024-03-18 07:14:33.007915
    assert is_ip('255.200.100.75') == True
    assert is_ip('2001:db8:85a3:0000:0000:8a2e:370:7334') == True
    assert is_ip('1.2.3') == False
    assert is_ip('nope') == False
    assert is_ip('255.200.100.999') == False
    assert is_ip('2001:db8:85a3:0000:0000:8a2e:370:?') == False
    assert is_ip('::1') == True
    assert is_ip('::') == True
    assert is_ip('') == False
    assert is_ip('192.0.2.1') == True
    assert is_ip('1234::') == True
    assert is_ip('::1234') == True
    assert is_ip('2001

# Generated at 2024-03-18 07:14:38.748248
    assert is_email('my.email@the-provider.com') == True
    assert is_email('user.name+tag+sorting@example.com') == True
    assert is_email('user.name@example.com') == True
    assert is_email('user.name@subdomain.example.com') == True
    assert is_email('username@localhost') == True
    assert is_email('username@192.168.1.1') == True
    assert is_email('username@[IPv6:2001:db8::1]') == True

    assert is_email('@gmail.com') == False
    assert is_email('plainaddress') == False
    assert is_email('email.domain.com') == False
    assert is_email('email@domain@domain.com') == False
    assert is_email('.username@example.com') == False
    assert is_email('username@example..com') == False
    assert is_email('username@example.com.') == False
   

# Generated at 2024-03-18 07:14:39.518639
```python

# Generated at 2024-03-18 07:14:47.028382
```python
    # Valid ISBN-13
    valid_isbn_13 = "9780306406157"
    checker = __ISBNChecker(valid_isbn_13)
    assert checker.is_isbn_13(), f"{valid_isbn_13} should be a valid ISBN-13"

    # Invalid ISBN-13
    invalid_isbn_13 = "9780306406158"
    checker = __ISBNChecker(invalid_isbn_13)
    assert not checker.is_isbn_13(), f"{invalid_isbn_13} should not be a valid ISBN-13"

    # ISBN-13 with hyphens
    isbn_13_with_hyphens = "978-0-306-40615-7"
    checker = __ISBNChecker(isbn_13_with_hyphens)
    assert checker.is_isbn_13(), f"{isbn_13_with_hyphens} should be a valid ISBN-13"

    #

# Generated at 2024-03-18 07:14:58.579156
```python
import unittest


# Generated at 2024-03-18 07:15:05.409896
```python
    assert is_json('{"name": "John", "age": 30}') == True
    assert is_json('["apple", "banana", "cherry"]') == True
    assert is_json('{"name": "John", "age": "thirty"}') == True
    assert is_json('true') == True
    assert is_json('null') == True
    assert is_json('{"incomplete": true') == False
    assert is_json('just a string') == False
    assert is_json('42') == False
    assert is_json('{"not": "a json", "missing": "value}') == False
    assert is_json('') == False
    assert is_json(None) == False
    assert is_json('[Invalid JSON]') == False
    assert is_json('{"valid": "json", "number": 123}') == True
```

# Generated at 2024-03-18 07:15:10.892621
```python
    assert is_json('{"name": "John", "age": 30}') == True
    assert is_json('["apple", "banana", "cherry"]') == True
    assert is_json('{"name": "John", "age": "thirty"}') == True
    assert is_json('true') == True
    assert is_json('null') == True
    assert is_json('42') == True
    assert is_json('{"incomplete": true') == False
    assert is_json('just a string') == False
    assert is_json('{"missing": "value"') == False
    assert is_json('{"name": "John", age: 30}') == False
    assert is_json('') == False
    assert is_json('{"name": "John", "age": 30,}') == False
    assert is_json(None) == False
    assert is_json(123)

# Generated at 2024-03-18 07:15:16.900262
```python
    # Valid ISBN-10 without dashes
    assert __ISBNChecker("0306406152").is_isbn_10() == True
    # Valid ISBN-10 with dashes
    assert __ISBNChecker("0-306-40615-2").is_isbn_10() == True
    # Invalid ISBN-10 with wrong check digit
    assert __ISBNChecker("0306406153").is_isbn_10() == False
    # Invalid ISBN-10 with characters
    assert __ISBNChecker("0-306-40615-X").is_isbn_10() == False
    # Invalid ISBN-10 with incorrect length
    assert __ISBNChecker("030640615").is_isbn_10() == False
    # Valid ISBN-10 with X as check digit
    assert __ISBNChecker("123456789X").is_isbn_10() == True
```

# Generated at 2024-03-18 07:15:22.854006
    assert is_ip('255.200.100.75') == True
    assert is_ip('2001:db8:85a3:0000:0000:8a2e:370:7334') == True
    assert is_ip('1.2.3') == False
    assert is_ip('nope') == False
    assert is_ip('255.200.100.999') == False
    assert is_ip('2001:db8:85a3:0000:0000:8a2e:370:?') == False
    assert is_ip('::1') == True
    assert is_ip('::') == True
    assert is_ip('') == False
    assert is_ip('192.0.2.1') == True
    assert is_ip('1234::') == True
    assert is_ip('::1234') == True
    assert is_ip('2001

# Generated at 2024-03-18 07:15:30.620798
```python
    # Valid ISBN-13
    valid_isbn_13 = "9780306406157"
    checker = __ISBNChecker(valid_isbn_13)
    assert checker.is_isbn_13(), f"{valid_isbn_13} should be a valid ISBN-13"

    # Invalid ISBN-13
    invalid_isbn_13 = "9780306406158"
    checker = __ISBNChecker(invalid_isbn_13)
    assert not checker.is_isbn_13(), f"{invalid_isbn_13} should not be a valid ISBN-13"

    # ISBN-13 with hyphens
    isbn_13_with_hyphens = "978-0-306-40615-7"
    checker = __ISBNChecker(isbn_13_with_hyphens)
    assert checker.is_isbn_13(), f"{isbn_13_with_hyphens} should be a valid ISBN-13"

    #

# Generated at 2024-03-18 07:15:36.490629
    assert is_ip('255.200.100.75') == True
    assert is_ip('2001:db8:85a3:0000:0000:8a2e:370:7334') == True
    assert is_ip('1.2.3') == False
    assert is_ip('nope') == False
    assert is_ip('255.200.100.999') == False
    assert is_ip('2001:db8:85a3:0000:0000:8a2e:370:?') == False
    assert is_ip('::1') == True
    assert is_ip('::') == True
    assert is_ip('::ffff:c0a8:101') == True
    assert is_ip('64:ff9b::c0a8:101') == True
    assert is_ip('0:0:0:0:0:ffff:c0

# Generated at 2024-03-18 07:15:42.771948
```python
    assert is_email('my.email@the-provider.com') == True
    assert is_email('user+mailbox/department=shipping@example.com') == True
    assert is_email('customer/department=shipping@example.com') == True
    assert is_email('!def!xyz%abc@example.com') == True
    assert is_email('_Yosemite.Sam@example.com') == True
    assert is_email('~@example.com') == True
    assert is_email('.my.email@the-provider.com') == False
    assert is_email('my..email@the-provider.com') == False
    assert is_email('my.email@the-provider..com') == False
    assert is_email('my.email@.com') == False
    assert is_email('my.email@the-provider.com.') == False
    assert is_email('my.email@-the-provider.com') == False
    assert is_email('my.email@111.222.

# Generated at 2024-03-18 07:15:43.546367
```python

# Generated at 2024-03-18 07:15:52.339447
```python
    # Valid ISBN-10 without dashes
    assert __ISBNChecker("0471958697").is_isbn_10() == True
    # Valid ISBN-10 with dashes
    assert __ISBNChecker("0-471-60695-2").is_isbn_10() == True
    # Invalid ISBN-10 with wrong length
    assert __ISBNChecker("123456789").is_isbn_10() == False
    # Invalid ISBN-10 with wrong check digit
    assert __ISBNChecker("0471958699").is_isbn_10() == False
    # Invalid ISBN-10 with non-numeric characters
    assert __ISBNChecker("0-471-XXXX-2").is_isbn_10() == False
    # Valid ISBN-10 with X as check digit
    assert __ISBNChecker("0306406152").is_isbn_10() == True
    # Valid ISBN-10 with X

# Generated at 2024-03-18 07:16:11.366949
```python
    assert is_json('{"name": "John", "age": 30}') == True
    assert is_json('["apple", "banana", "cherry"]') == True
    assert is_json('{"name": "John", "age": "thirty"}') == True
    assert is_json('true') == True
    assert is_json('null') == True
    assert is_json('42') == True
    assert is_json('"Hello, World!"') == True
    assert is_json('{"incomplete": true') == False
    assert is_json('just a string') == False
    assert is_json('{"missing": "value"') == False
    assert is_json('{"name": "John", age: 30}') == False
    assert is_json('') == False
    assert is_json('{"name": "John", "age": 30,}') == False
    assert is

# Generated at 2024-03-18 07:16:12.669995
```python
import unittest


# Generated at 2024-03-18 07:16:21.777120
```python
    assert is_json('{"name": "John", "age": 30}') == True
    assert is_json('["apple", "banana", "cherry"]') == True
    assert is_json('{"name": "John", "age": "thirty"}') == True
    assert is_json('true') == True
    assert is_json('null') == True
    assert is_json('42') == True
    assert is_json('{"incomplete": true') == False
    assert is_json('just a string') == False
    assert is_json('{"missing": "value"') == False
    assert is_json('[1, 2, 3,]') == False
    assert is_json('') == False
    assert is_json('{"not": "a json", "missing": "comma" "oops": "error"}') == False
    assert is_json(None) == False
   

# Generated at 2024-03-18 07:16:28.168233
```python
    # Valid ISBN-10 without hyphens
    assert __ISBNChecker("0306406152").is_isbn_10() == True
    # Valid ISBN-10 with hyphens
    assert __ISBNChecker("0-306-40615-2").is_isbn_10() == True
    # Invalid ISBN-10
    assert __ISBNChecker("1234567890").is_isbn_10() == False
    # Invalid input (not a string)
    try:
        __ISBNChecker(123).is_isbn_10()
        assert False, "Expected an InvalidInputError"
    except InvalidInputError:
        assert True
    # Invalid input (string with invalid characters)
    assert __ISBNChecker("0-306-40A15-2").is_isbn_10() == False
    # Invalid length (too short)
    assert __ISBNChecker("123456789").is_isbn_10

# Generated at 2024-03-18 07:16:35.311752
```python
    assert is_email('my.email@the-provider.com') == True
    assert is_email('user+mailbox/department=shipping@example.com') == True
    assert is_email('customer/department=shipping@example.com') == True
    assert is_email('!def!xyz%abc@example.com') == True
    assert is_email('_Yosemite.Sam@example.com') == True
    assert is_email('~@example.com') == True
    assert is_email('.my.email@the-provider.com') == False
    assert is_email('my..email@the-provider.com') == False
    assert is_email('my.email@the-provider..com') == False
    assert is_email('my.email@.com') == False
    assert is_email('my.email@the-provider.com.') == False
    assert is_email('my.email@-the-provider.com') == False
    assert is_email('my.email@111.222.

# Generated at 2024-03-18 07:16:41.830095
    assert is_ip('255.200.100.75') == True
    assert is_ip('2001:db8:85a3:0000:0000:8a2e:370:7334') == True
    assert is_ip('1.2.3') == False
    assert is_ip('nope') == False
    assert is_ip('255.200.100.999') == False
    assert is_ip('2001:db8:85a3:0000:0000:8a2e:370:?') == False
    assert is_ip('::1') == True
    assert is_ip('::') == True
    assert is_ip('') == False
    assert is_ip('192.0.2.1') == True
    assert is_ip('1234::') == True
    assert is_ip('::1234') == True
    assert is_ip('2001

# Generated at 2024-03-18 07:16:48.268355
```python
    # Valid ISBN-13
    valid_isbn_13 = "9780306406157"
    checker = __ISBNChecker(valid_isbn_13)
    assert checker.is_isbn_13(), f"{valid_isbn_13} should be a valid ISBN-13"

    # Invalid ISBN-13
    invalid_isbn_13 = "9780306406158"
    checker = __ISBNChecker(invalid_isbn_13)
    assert not checker.is_isbn_13(), f"{invalid_isbn_13} should not be a valid ISBN-13"

    # ISBN-13 with hyphens
    isbn_13_with_hyphens = "978-0-306-40615-7"
    checker = __ISBNChecker(isbn_13_with_hyphens)
    assert checker.is_isbn_13(), f"{isbn_13_with_hyphens} should be a valid ISBN-13"

    #

# Generated at 2024-03-18 07:16:49.366008
```python

# Generated at 2024-03-18 07:16:56.915445
```python
    assert is_email('my.email@the-provider.com') == True
    assert is_email('user+mailbox/department=shipping@example.com') == True
    assert is_email('customer/department=shipping@example.com') == True
    assert is_email('!def!xyz%abc@example.com') == True
    assert is_email('_Yosemite.Sam@example.com') == True
    assert is_email('~@example.com') == True
    assert is_email('.my.email@the-provider.com') == False
    assert is_email('my..email@the-provider.com') == False
    assert is_email('my.email@the-provider..com') == False
    assert is_email('my.email@.com') == False
    assert is_email('my.email@the-provider.com.') == False
    assert is_email('my.email@-the-provider.com') == False
    assert is_email('my.email@111.222.

# Generated at 2024-03-18 07:17:06.431395
```python
    checker = __ISBNChecker("978-3-16-148410-0")
    assert checker.is_isbn_13() == True, "Valid ISBN-13 should return True"

    checker = __ISBNChecker("9783161484100")
    assert checker.is_isbn_13() == True, "Valid ISBN-13 without hyphens should return True"

    checker = __ISBNChecker("978-0-306-40615-7")
    assert checker.is_isbn_13() == True, "Another valid ISBN-13 should return True"

    checker = __ISBNChecker("123-4-56-789012-3")
    assert checker.is_isbn_13() == False, "Invalid ISBN-13 should return False"

    checker = __ISBNChecker("9783161484101")
    assert checker.is_isbn_13() == False, "Invalid checksum ISBN-13 should return False"

    checker = __ISBNChecker

# Generated at 2024-03-18 07:17:25.833038
```python
    assert is_ip('255.200.100.75') == True
    assert is_ip('2001:db8:85a3:0000:0000:8a2e:370:7334') == True
    assert is_ip('1.2.3') == False
    assert is_ip('nope') == False
    assert is_ip('255.200.100.999') == False
    assert is_ip('2001:db8:85a3:0000:0000:8a2e:370:?') == False
    assert is_ip('::1') == True
    assert is_ip('::') == True
    assert is_ip('::ffff:c0a8:101') == True
    assert is_ip('::ffff:192.168.1.1') == True
    assert is_ip('::192.9.5.5') == True


# Generated at 2024-03-18 07:17:31.928854
```python
    assert is_json('{"name": "John", "age": 30}') == True
    assert is_json('["apple", "banana", "cherry"]') == True
    assert is_json('{"name": "John", "age": "thirty"}') == True
    assert is_json('true') == True
    assert is_json('null') == True
    assert is_json('{"incomplete": true') == False
    assert is_json('just a string') == False
    assert is_json('42') == False
    assert is_json('') == False
    assert is_json(None) == False
    assert is_json('[Invalid JSON]') == False
```

# Generated at 2024-03-18 07:17:39.163391
    assert is_ip('255.200.100.75') == True
    assert is_ip('2001:db8:85a3:0000:0000:8a2e:370:7334') == True
    assert is_ip('1.2.3') == False
    assert is_ip('nope') == False
    assert is_ip('255.200.100.999') == False
    assert is_ip('2001:db8:85a3:0000:0000:8a2e:370:?') == False
    assert is_ip('::1') == True
    assert is_ip('::') == True
    assert is_ip('') == False
    assert is_ip('192.0.2.1') == True
    assert is_ip('1234::') == True
    assert is_ip('::1234') == True
    assert is_ip('2001

# Generated at 2024-03-18 07:17:48.322851
```python
    assert is_json('{"name": "John", "age": 30}') == True
    assert is_json('["apple", "banana", "cherry"]') == True
    assert is_json('{"name": "John", "age": "thirty"}') == True
    assert is_json('true') == True
    assert is_json('null') == True
    assert is_json('42') == True
    assert is_json('"Hello, world!"') == True
    assert is_json('{"incomplete": true') == False
    assert is_json('just a string') == False
    assert is_json('{"missing": "value"') == False
    assert is_json('[1, 2, 3,') == False
    assert is_json('') == False
    assert is_json(None) == False
    assert is_json('{"not": "a json", "missing": "comma

# Generated at 2024-03-18 07:17:49.432033
```python
import unittest


# Generated at 2024-03-18 07:17:50.962895
```python
import unittest


# Generated at 2024-03-18 07:17:51.807300
```python
import unittest


# Generated at 2024-03-18 07:18:01.818769
```python
    assert is_json('{"name": "John", "age": 30}') == True
    assert is_json('["apple", "banana", "cherry"]') == True
    assert is_json('{"name": "John", "age": "thirty"}') == True
    assert is_json('true') == True
    assert is_json('null') == True
    assert is_json('42') == True
    assert is_json('{"incomplete": true') == False
    assert is_json('just a string') == False
    assert is_json('{"missing": "value"') == False
    assert is_json('{"name": "John", age: 30}') == False
    assert is_json('') == False
    assert is_json('{"name": "John", "age": 30,}') == False
    assert is_json(None) == False
    assert is_json(123)

# Generated at 2024-03-18 07:18:03.041391
```python

# Generated at 2024-03-18 07:18:11.689100
```python
    assert is_ip('255.200.100.75') == True
    assert is_ip('2001:db8:85a3:0000:0000:8a2e:370:7334') == True
    assert is_ip('1.2.3') == False
    assert is_ip('nope') == False
    assert is_ip('255.200.100.999') == False
    assert is_ip('2001:db8:85a3:0000:0000:8a2e:370:?') == False
    assert is_ip('::1') == True
    assert is_ip('::') == True
    assert is_ip('::ffff:c0a8:101') == True
    assert is_ip('64:ff9b::c0a8:101') == True
    assert is_ip('0:0:0:0:0:

# Generated at 2024-03-18 07:18:29.928643
```python
    assert is_email('my.email@the-provider.com') == True
    assert is_email('user+mailbox/department=shipping@example.com') == True
    assert is_email('customer/department=shipping@example.com') == True
    assert is_email('!def!xyz%abc@example.com') == True
    assert is_email('_Yosemite.Sam@example.com') == True
    assert is_email('~@example.com') == True
    assert is_email('.my.email@the-provider.com') == False
    assert is_email('my..email@the-provider.com') == False
    assert is_email('my.email@the-provider..com') == False
    assert is_email('my.email@.the-provider.com') == False
    assert is_email('my.email@the-provider.com.') == False
    assert is_email('my.email@-the-provider.com') == False
    assert is_email('my.email@111.

# Generated at 2024-03-18 07:18:35.455909
```python
    assert is_ip('255.200.100.75') == True
    assert is_ip('2001:db8:85a3:0000:0000:8a2e:370:7334') == True
    assert is_ip('1.2.3') == False
    assert is_ip('nope') == False
    assert is_ip('255.200.100.999') == False
    assert is_ip('2001:db8:85a3:0000:0000:8a2e:370:?') == False
    assert is_ip('::1') == True
    assert is_ip('::') == True
    assert is_ip('::ffff:c0a8:101') == True
    assert is_ip('::ffff:192.168.1.1') == True
    assert is_ip('::192.168.1.1') == False


# Generated at 2024-03-18 07:18:42.918079
```python
    assert is_json('{"name": "John", "age": 30}') == True
    assert is_json('["apple", "banana", "cherry"]') == True
    assert is_json('{"name": "John", "age": "thirty"}') == True
    assert is_json('true') == True
    assert is_json('null') == True
    assert is_json('{"incomplete": true') == False
    assert is_json('just a string') == False
    assert is_json('42') == False
    assert is_json('{"age": 30, "name": }') == False
    assert is_json('') == False
    assert is_json(None) == False
    assert is_json('[1, 2, 3') == False
    assert is_json('{"name": "John", "age": 30,}') == False
```

# Generated at 2024-03-18 07:18:50.544207
```python
    assert is_email('my.email@the-provider.com') == True
    assert is_email('user+mailbox/department=shipping@example.com') == True
    assert is_email('customer/department=shipping@example.com') == True
    assert is_email('!def!xyz%abc@example.com') == True
    assert is_email('_Yosemite.Sam@example.com') == True
    assert is_email('~@example.com') == True
    assert is_email('.my.email@the-provider.com') == False
    assert is_email('my..email@the-provider.com') == False
    assert is_email('my.email@the-provider..com') == False
    assert is_email('my.email@.com') == False
    assert is_email('my.email@the-provider.com.') == False
    assert is_email('my.email@-the-provider.com') == False
    assert is_email('my.email@111.222.

# Generated at 2024-03-18 07:18:57.196982
    assert is_email('my.email@the-provider.com') == True
    assert is_email('user+mailbox/department=shipping@example.com') == True
    assert is_email('customer/department=shipping@example.com') == True
    assert is_email('!def!xyz%abc@example.com') == True
    assert is_email('_Yosemite.Sam@example.com') == True
    assert is_email('~@example.com') == True
    assert is_email('.my.email@the-provider.com') == False
    assert is_email('my..email@the-provider.com') == False
    assert is_email('my.email@the-provider..com') == False
    assert is_email('my.email@.com') == False
    assert is_email('my.email@the-provider.com.') == False
    assert is_email('my.email@-the-provider.com') == False
    assert is_email('my.email@111.222.333.444

# Generated at 2024-03-18 07:19:05.581610
```python
    assert is_ip('255.200.100.75') == True
    assert is_ip('2001:db8:85a3:0000:0000:8a2e:370:7334') == True
    assert is_ip('1.2.3') == False
    assert is_ip('nope') == False
    assert is_ip('255.200.100.999') == False
    assert is_ip('2001:db8:85a3:0000:0000:8a2e:370:?') == False
    assert is_ip('::1') == True
    assert is_ip('::') == True
    assert is_ip('::ffff:c0a8:101') == True
    assert is_ip('::ffff:192.168.1.1') == True
    assert is_ip('::192.9.5.5') == True


# Generated at 2024-03-18 07:19:06.330992
```python

# Generated at 2024-03-18 07:19:14.070868
```python
    assert is_email('my.email@the-provider.com') == True
    assert is_email('user+mailbox/department=shipping@example.com') == True
    assert is_email('customer/department=shipping@example.com') == True
    assert is_email('!def!xyz%abc@example.com') == True
    assert is_email('_Yosemite.Sam@example.com') == True
    assert is_email('~@example.com') == True
    assert is_email('.my.email@the-provider.com') == False
    assert is_email('my..email@the-provider.com') == False
    assert is_email('my.email@the-provider..com') == False
    assert is_email('my.email@.com') == False
    assert is_email('my.email@the-provider.com.') == False
    assert is_email('my.email@-the-provider.com') == False
    assert is_email('my.email@111.222.

# Generated at 2024-03-18 07:19:20.823716
```python
    # Valid ISBN-13
    valid_isbn_13 = "9780306406157"
    checker = __ISBNChecker(valid_isbn_13)
    assert checker.is_isbn_13(), f"{valid_isbn_13} should be a valid ISBN-13"

    # Invalid ISBN-13
    invalid_isbn_13 = "9780306406158"
    checker = __ISBNChecker(invalid_isbn_13)
    assert not checker.is_isbn_13(), f"{invalid_isbn_13} should not be a valid ISBN-13"

    # ISBN-13 with hyphens
    isbn_13_with_hyphens = "978-0-306-40615-7"
    checker = __ISBNChecker(isbn_13_with_hyphens)
    assert checker.is_isbn_13(), f"{isbn_13_with_hyphens} should be a valid ISBN-13"

    #

# Generated at 2024-03-18 07:19:21.677706
```python

# Generated at 2024-03-18 07:19:48.151063
```python
    # Valid ISBN-10 without hyphens
    assert __ISBNChecker("0306406152").is_isbn_10() == True
    # Valid ISBN-10 with hyphens
    assert __ISBNChecker("0-306-40615-2").is_isbn_10() == True
    # Invalid ISBN-10
    assert __ISBNChecker("1234567890").is_isbn_10() == False
    # Invalid input (not a string)
    try:
        __ISBNChecker(123).is_isbn_10()
        assert False, "Expected an InvalidInputError"
    except InvalidInputError:
        assert True
    # Invalid input (string with invalid characters)
    assert __ISBNChecker("030640615X").is_isbn_10() == False
    # Invalid length (too short)
    assert __ISBNChecker("306406152").is_isbn_10() == False
   

# Generated at 2024-03-18 07:19:55.551003
```python
    assert is_email('my.email@the-provider.com') == True
    assert is_email('user+mailbox/department=shipping@example.com') == True
    assert is_email('customer/department=shipping@example.com') == True
    assert is_email('!def!xyz%abc@example.com') == True
    assert is_email('_Yosemite.Sam@example.com') == True
    assert is_email('~@example.com') == True
    assert is_email('.my.email@the-provider.com') == False
    assert is_email('my..email@the-provider.com') == False
    assert is_email('my.email@the-provider..com') == False
    assert is_email('my.email@.com') == False
    assert is_email('my.email@the-provider.com.') == False
    assert is_email('my.email@-the-provider.com') == False
    assert is_email('my.email@111.222.

# Generated at 2024-03-18 07:20:02.437858
```python
    assert is_email('my.email@the-provider.com') == True
    assert is_email('user+mailbox/department=shipping@example.com') == True
    assert is_email('customer/department=shipping@example.com') == True
    assert is_email('!def!xyz%abc@example.com') == True
    assert is_email('_Yosemite.Sam@example.com') == True
    assert is_email('~@example.com') == True
    assert is_email('.my.email@the-provider.com') == False
    assert is_email('my..email@the-provider.com') == False
    assert is_email('my.email@the-provider..com') == False
    assert is_email('my.email@.com') == False
    assert is_email('my.email@the-provider.com.') == False
    assert is_email('my.email@-the-provider.com') == False
    assert is_email('my.email@111.222.

# Generated at 2024-03-18 07:20:08.391044
```python
    assert is_email('my.email@the-provider.com') == True
    assert is_email('user+mailbox/department=shipping@example.com') == True
    assert is_email('customer/department=shipping@example.com') == True
    assert is_email('!def!xyz%abc@example.com') == True
    assert is_email('_Yosemite.Sam@example.com') == True
    assert is_email('~@example.com') == True
    assert is_email('.my.email@the-provider.com') == False
    assert is_email('my..email@the-provider.com') == False
    assert is_email('my.email@the-provider..com') == False
    assert is_email('my.email@.com') == False
    assert is_email('my.email@the-provider.com.') == False
    assert is_email('my.email@-the-provider.com') == False
    assert is_email('my.email@111.222.

# Generated at 2024-03-18 07:20:13.050776
```python
    assert is_json('{"name": "John", "age": 30}') == True
    assert is_json('["apple", "banana", "cherry"]') == True
    assert is_json('{"name": "John", "age": "thirty"}') == True
    assert is_json('true') == True
    assert is_json('null') == True
    assert is_json('{"incomplete": true') == False
    assert is_json('just a string') == False
    assert is_json('42') == False
    assert is_json('') == False
    assert is_json(None) == False
    assert is_json('[Invalid JSON]') == False
```

# Generated at 2024-03-18 07:20:24.119945
```python
    # Valid ISBN-13
    checker = __ISBNChecker("978-3-16-148410-0")
    assert checker.is_isbn_13() is True, "Should be a valid ISBN-13"

    # Invalid ISBN-13
    checker = __ISBNChecker("978-3-16-148410-1")
    assert checker.is_isbn_13() is False, "Should be an invalid ISBN-13"

    # Valid ISBN-13 without hyphens
    checker = __ISBNChecker("9783161484100", normalize=False)
    assert checker.is_isbn_13() is True, "Should be a valid ISBN-13 without normalization"

    # Invalid length
    checker = __ISBNChecker("978-3-16-14841")
    assert checker.is_isbn_13() is False, "Should be invalid due to incorrect length"

    # Invalid characters
    checker = __ISBNChecker("978

# Generated at 2024-03-18 07:20:31.134557
```python
    assert is_ip('255.200.100.75') == True
    assert is_ip('2001:db8:85a3:0000:0000:8a2e:370:7334') == True
    assert is_ip('1.2.3') == False
    assert is_ip('nope') == False
    assert is_ip('255.200.100.999') == False
    assert is_ip('2001:db8:85a3:0000:0000:8a2e:370:?') == False
    assert is_ip('::1') == True
    assert is_ip('::') == True
    assert is_ip('::ffff:c0a8:101') == True
    assert is_ip('::ffff:192.168.1.1') == True
    assert is_ip('::192.9.5.5') == True


# Generated at 2024-03-18 07:20:41.619793
```python
    assert is_email('my.email@the-provider.com') == True
    assert is_email('user@localhost') == True
    assert is_email('user.name+tag+sorting@example.com') == True
    assert is_email('user.name@example.com') == True
    assert is_email('user.name@example') == True
    assert is_email('user.name@sub.example.com') == True
    assert is_email('user.name@sub-domain.example.com') == True
    assert is_email('user@123.123.123.123') == True
    assert is_email('user@[IPv6:2001:db8::1]') == True

    assert is_email('@gmail.com') == False
    assert is_email('user.name@') == False
    assert is_email('user.name@.com.my') == False
    assert is_email('user.name123@.com') == False
    assert is_email

# Generated at 2024-03-18 07:20:49.902735
    assert is_ip('255.200.100.75') == True
    assert is_ip('2001:db8:85a3:0000:0000:8a2e:370:7334') == True
    assert is_ip('1.2.3') == False
    assert is_ip('nope') == False
    assert is_ip('255.200.100.999') == False
    assert is_ip('2001:db8:85a3:0000:0000:8a2e:370:?') == False
    assert is_ip('::1') == True
    assert is_ip('::') == True
    assert is_ip('') == False
    assert is_ip('192.0.2.1') == True
    assert is_ip('1234::') == True
    assert is_ip('::1234') == True
    assert is_ip('::ffff

# Generated at 2024-03-18 07:20:57.092350
```python
    assert is_email('my.email@the-provider.com') == True
    assert is_email('user+mailbox/department=shipping@example.com') == True
    assert is_email('customer/department=shipping@example.com') == True
    assert is_email('!def!xyz%abc@example.com') == True
    assert is_email('_Yosemite.Sam@example.com') == True
    assert is_email('~@example.com') == True
    assert is_email('.my.email@the-provider.com') == False
    assert is_email('my..email@the-provider.com') == False
    assert is_email('my.email@the-provider..com') == False
    assert is_email('my.email@.com') == False
    assert is_email('my.email@the-provider.com.') == False
    assert is_email('my.email@-the-provider.com') == False
    assert is_email('my.email@111.222.