

# Generated at 2024-03-18 05:54:16.376392
```python
    formatter = FormatterPlugin(format_options={'option1': 'value1'})
    test_content = "Original body content"
    test_mime = "text/plain"
    formatted_content = formatter.format_body(test_content, test_mime)
    assert formatted_content == test_content, "The format_body method should return the original content for plain text"
```

# Generated at 2024-03-18 05:54:19.911305
```python
    # Setup
    formatter = FormatterPlugin(format_options={'option1': 'value1'})
    test_content = "Original Content"
    test_mime = "text/plain"

    # Call the method
    formatted_content = formatter.format_body(test_content, test_mime)

    # Assert the result
    assert formatted_content == test_content, "The content should remain unchanged"
```

# Generated at 2024-03-18 05:54:25.328332
```python
    formatter = FormatterPlugin(format_options={'uppercase': True})
    original_headers = "Content-Type: text/html\nContent-Length: 1234"
    expected_headers = "CONTENT-TYPE: TEXT/HTML\nCONTENT-LENGTH: 1234"
    
    # Override the format_headers method to uppercase headers
    def uppercase_headers(self, headers):
        return headers.upper()
    
    formatter.format_headers = uppercase_headers.__get__(formatter)
    
    formatted_headers = formatter.format_headers(original_headers)
    assert formatted_headers == expected_headers, "The headers were not formatted correctly."
```

# Generated at 2024-03-18 05:54:32.222387
```python
    formatter = FormatterPlugin(format_options={'uppercase': True})
    original_headers = "Content-Type: text/html\nContent-Length: 1234"
    expected_headers = "CONTENT-TYPE: TEXT/HTML\nCONTENT-LENGTH: 1234"
    
    # Modify the format_headers method to uppercase headers if 'uppercase' option is True
    def uppercase_headers(self, headers):
        if self.format_options.get('uppercase'):
            return headers.upper()
        return headers
    
    # Bind the new method to the instance
    formatter.format_headers = uppercase_headers.__get__(formatter, FormatterPlugin)
    
    # Call the method and assert the result
    formatted_headers = formatter.format_headers(original_headers)
    assert formatted_headers == expected_headers, f"Expected headers to be '{expected_headers}', but got '{formatted_headers}'"
```

# Generated at 2024-03-18 05:54:39.633568
```python
    formatter = FormatterPlugin(format_options={'uppercase': True})
    original_headers = "Content-Type: text/html\nContent-Length: 1234"
    expected_headers = "CONTENT-TYPE: TEXT/HTML\nCONTENT-LENGTH: 1234"
    
    # Modify the format_headers method to uppercase headers if 'uppercase' option is True
    def uppercase_headers(self, headers):
        if self.format_options.get('uppercase'):
            return headers.upper()
        return headers
    
    # Bind the new method to the instance
    formatter.format_headers = uppercase_headers.__get__(formatter, FormatterPlugin)
    
    # Call the method and assert the result
    formatted_headers = formatter.format_headers(original_headers)
    assert formatted_headers == expected_headers, f"Expected headers to be '{expected_headers}', but got '{formatted_headers}'"
```

# Generated at 2024-03-18 05:54:44.849986
```python
    formatter = FormatterPlugin(format_options={'uppercase': True})
    original_headers = "Content-Type: text/html\nContent-Length: 1234"
    expected_headers = "CONTENT-TYPE: TEXT/HTML\nCONTENT-LENGTH: 1234"
    
    # Assuming the format_headers method is supposed to uppercase headers
    # if 'uppercase' format option is True
    formatted_headers = formatter.format_headers(original_headers)
    
    assert formatted_headers == expected_headers, \
        f"Expected headers to be '{expected_headers}', but got '{formatted_headers}'"
```

# Generated at 2024-03-18 05:54:45.761472
```python
import unittest


# Generated at 2024-03-18 05:54:50.746794
```python
    formatter = FormatterPlugin(format_options={'option1': 'value1'})
    original_body = '{"key": "value"}'
    mime_type = 'application/json'
    formatted_body = formatter.format_body(original_body, mime_type)
    assert formatted_body == original_body  # Assuming no formatting is applied
```

# Generated at 2024-03-18 05:54:55.490249
```python
    formatter = FormatterPlugin(format_options={'option1': 'value1'})
    test_content = "Test content"
    test_mime = "text/plain"
    formatted_content = formatter.format_body(test_content, test_mime)
    assert formatted_content == test_content, "The format_body method should return the original content for 'text/plain' MIME type"
```

# Generated at 2024-03-18 05:54:59.177406
```python
    formatter = FormatterPlugin(format_options={'option1': 'value1'})
    test_content = "Test content"
    test_mime = "text/plain"
    formatted_content = formatter.format_body(test_content, test_mime)
    assert formatted_content == test_content, "The format_body method should return the original content for 'text/plain' MIME type"
```

# Generated at 2024-03-18 05:55:07.366232
```python
    # Setup a FormatterPlugin instance with some dummy format options
    formatter = FormatterPlugin(format_options={'option1': 'value1'})

    # Define a sample content and MIME type
    sample_content = "Original body content"
    sample_mime = "text/plain"

    # Call the format_body method with the sample content and MIME type
    formatted_content = formatter.format_body(sample_content, sample_mime)

    # Assert that the formatted content is as expected (in this case, unchanged)
    assert formatted_content == sample_content, "The format_body method should return the original content if not overridden."
```

# Generated at 2024-03-18 05:55:13.333576
```python
    formatter = FormatterPlugin(format_options={'uppercase': True})
    original_headers = "Content-Type: text/html\nContent-Length: 1234"
    expected_headers = "CONTENT-TYPE: TEXT/HTML\nCONTENT-LENGTH: 1234"
    
    # Assuming the format_headers method is supposed to uppercase headers
    # if 'uppercase' format option is True
    formatted_headers = formatter.format_headers(original_headers)
    
    assert formatted_headers == expected_headers, \
        f"Expected headers to be uppercased. Got: {formatted_headers}"
```

# Generated at 2024-03-18 05:55:16.191333
```python
    formatter = FormatterPlugin(format_options={'option1': 'value1'})
    original_body = '{"key": "value"}'
    mime_type = 'application/json'
    formatted_body = formatter.format_body(original_body, mime_type)
    assert formatted_body == original_body  # Assuming no formatting is applied
```

# Generated at 2024-03-18 05:55:20.976420
```python
    formatter = FormatterPlugin(format_options={'uppercase': True})
    original_headers = "Content-Type: text/html\nContent-Length: 1234"
    expected_headers = "CONTENT-TYPE: TEXT/HTML\nCONTENT-LENGTH: 1234"
    
    # Assuming the FormatterPlugin is supposed to uppercase headers if 'uppercase' option is True
    def mock_format_headers(self, headers):
        if self.format_options.get('uppercase'):
            return headers.upper()
        return headers
    
    FormatterPlugin.format_headers = mock_format_headers
    
    formatted_headers = formatter.format_headers(original_headers)
    assert formatted_headers == expected_headers, f"Expected headers to be '{expected_headers}', but got '{formatted_headers}'"
```

# Generated at 2024-03-18 05:55:25.757660
```python
    formatter = FormatterPlugin(format_options={'uppercase': True})
    original_headers = "Content-Type: text/html\nContent-Length: 1234"
    expected_headers = "CONTENT-TYPE: text/html\nCONTENT-LENGTH: 1234"
    
    # Assuming the format_headers method converts headers to uppercase if 'uppercase' option is True
    formatted_headers = formatter.format_headers(original_headers)
    
    assert formatted_headers == expected_headers, f"Expected headers to be uppercase, got: {formatted_headers}"
```

# Generated at 2024-03-18 05:55:32.955176
```python
    formatter = FormatterPlugin(format_options={'uppercase': True})
    original_headers = "Content-Type: text/html\nContent-Length: 1234"
    expected_headers = "CONTENT-TYPE: TEXT/HTML\nCONTENT-LENGTH: 1234"
    
    # Simulate the formatting process
    if formatter.format_options.get('uppercase'):
        formatted_headers = formatter.format_headers(original_headers).upper()
    else:
        formatted_headers = formatter.format_headers(original_headers)
    
    # Check if the headers are correctly formatted
    assert formatted_headers == expected_headers, "The headers were not formatted as expected."
```

# Generated at 2024-03-18 05:55:37.066304
```python
    formatter = FormatterPlugin(format_options={'uppercase': True})
    original_headers = "Content-Type: text/html\nContent-Length: 1234"
    expected_headers = "CONTENT-TYPE: text/html\nCONTENT-LENGTH: 1234"
    
    # Assuming the FormatterPlugin is supposed to uppercase headers if 'uppercase' option is True
    formatted_headers = formatter.format_headers(original_headers)
    assert formatted_headers == expected_headers, f"Expected headers to be uppercased. Got: {formatted_headers}"
```

# Generated at 2024-03-18 05:55:42.007914
```python
    # Setup a FormatterPlugin instance with some dummy format options
    formatter = FormatterPlugin(format_options={'option1': 'value1', 'option2': 'value2'})
    
    # Define a sample content and MIME type
    sample_content = "Original Content"
    sample_mime = "text/plain"
    
    # Call the format_body method with the sample content and MIME type
    formatted_content = formatter.format_body(sample_content, sample_mime)
    
    # Assert that the formatted content is as expected (in this case, unchanged)
    assert formatted_content == "Original Content", "The content should not be modified by the base FormatterPlugin"
```

# Generated at 2024-03-18 05:55:48.464920
```python
    formatter = FormatterPlugin(format_options={'uppercase': True})
    original_headers = "Content-Type: text/html\nContent-Length: 1234"
    expected_headers = "CONTENT-TYPE: TEXT/HTML\nCONTENT-LENGTH: 1234"
    
    # Implement the uppercase transformation in the format_headers method
    class UppercaseFormatterPlugin(FormatterPlugin):
        def format_headers(self, headers: str) -> str:
            return headers.upper()
    
    # Instantiate the plugin and use the custom format_headers method
    uppercase_formatter = UppercaseFormatterPlugin(format_options={'uppercase': True})
    formatted_headers = uppercase_formatter.format_headers(original_headers)
    
    # Assert that the formatted headers match the expected output
    assert formatted_headers == expected_headers, f"Expected headers to be uppercase, but got: {formatted_headers}"
```

# Generated at 2024-03-18 05:55:51.628831
```python
    # Setup
    formatter = FormatterPlugin(format_options={'option1': 'value1'})
    test_content = "Original body content"
    test_mime = "text/plain"

    # Call the method
    formatted_content = formatter.format_body(test_content, test_mime)

    # Assert the result
    assert formatted_content == test_content, "The format_body method should return the original content for 'text/plain' MIME type"
```

# Generated at 2024-03-18 05:56:01.509454
```python
    formatter = FormatterPlugin(format_options={'option1': 'value1'})
    test_content = "Original body content"
    test_mime = "text/plain"
    formatted_content = formatter.format_body(test_content, test_mime)
    assert formatted_content == test_content, "The format_body method should return the original content for plain text"
```

# Generated at 2024-03-18 05:56:03.796893
```python
import unittest


# Generated at 2024-03-18 05:56:07.277169
```python
    formatter = FormatterPlugin(format_options={'option1': 'value1'})
    original_body = '{"key": "value"}'
    mime_type = 'application/json'

    # Assuming the FormatterPlugin doesn't change the body
    expected_body = original_body
    formatted_body = formatter.format_body(original_body, mime_type)

    assert formatted_body == expected_body, "The formatted body does not match the expected body."
```

# Generated at 2024-03-18 05:56:13.771534
```python
    formatter = FormatterPlugin(format_options={'uppercase': True})
    original_headers = "Content-Type: text/html\nContent-Length: 1234"
    expected_headers = "CONTENT-TYPE: text/html\nCONTENT-LENGTH: 1234"
    
    # Mock the format_headers method to uppercase headers if 'uppercase' option is True
    def mock_format_headers(self, headers):
        if self.format_options.get('uppercase'):
            return headers.upper()
        return headers
    
    # Replace the original format_headers method with the mock
    FormatterPlugin.format_headers = mock_format_headers
    
    # Call the method and check if the headers are correctly formatted
    formatted_headers = formatter.format_headers(original_headers)
    assert formatted_headers == expected_headers, f"Expected headers to be '{expected_headers}', but got '{formatted_headers}'"
```

# Generated at 2024-03-18 05:56:18.399548
```python
    formatter = FormatterPlugin(format_options={'option1': 'value1'})
    test_content = "Test content"
    test_mime = "text/plain"
    
    # Call the method with test data
    formatted_content = formatter.format_body(test_content, test_mime)
    
    # Assert that the method returns the content unchanged
    assert formatted_content == test_content, "The format_body method should return the original content for 'text/plain' MIME type."
```

# Generated at 2024-03-18 05:56:22.734062
```python
    formatter = FormatterPlugin(format_options={'option1': 'value1'})
    original_body = '{"key": "value"}'
    mime_type = 'application/json'

    # Assuming the FormatterPlugin doesn't actually change the body
    expected_body = original_body
    formatted_body = formatter.format_body(original_body, mime_type)

    assert formatted_body == expected_body, "The formatted body does not match the expected body."
```

# Generated at 2024-03-18 05:56:27.626687
```python
    formatter = FormatterPlugin(format_options={'uppercase': True})
    original_headers = "Content-Type: text/html\nContent-Length: 1234"
    expected_headers = "CONTENT-TYPE: text/html\nCONTENT-LENGTH: 1234"
    
    # Assuming the FormatterPlugin is supposed to uppercase headers if 'uppercase' option is True
    formatted_headers = formatter.format_headers(original_headers)
    assert formatted_headers == expected_headers, f"Expected headers to be uppercased. Got: {formatted_headers}"
```

# Generated at 2024-03-18 05:56:31.690681
```python
    formatter = FormatterPlugin(format_options={'uppercase': True})
    original_headers = "Content-Type: text/html\nContent-Length: 1234"
    expected_headers = "CONTENT-TYPE: text/html\nCONTENT-LENGTH: 1234"
    
    # Assuming the format_headers method converts headers to uppercase if 'uppercase' option is True
    formatted_headers = formatter.format_headers(original_headers)
    
    assert formatted_headers == expected_headers, f"Expected headers to be uppercase, got: {formatted_headers}"
```

# Generated at 2024-03-18 05:56:32.386163
```python
import unittest


# Generated at 2024-03-18 05:56:37.112905
```python
    formatter = FormatterPlugin(format_options={'uppercase': True})
    original_headers = "Content-Type: text/html\nContent-Length: 1234"
    expected_headers = "CONTENT-TYPE: TEXT/HTML\nCONTENT-LENGTH: 1234"

    # Assuming the FormatterPlugin is supposed to uppercase headers if 'uppercase' option is True
    formatted_headers = formatter.format_headers(original_headers)
    assert formatted_headers == expected_headers, f"Expected headers to be uppercased. Got: {formatted_headers}"
```

# Generated at 2024-03-18 05:56:56.454915
```python
    formatter = FormatterPlugin(format_options={'uppercase': True})
    original_headers = "Content-Type: text/html\nContent-Length: 1234"
    expected_headers = "CONTENT-TYPE: text/html\nCONTENT-LENGTH: 1234"

    # Assuming the format_headers method converts headers to uppercase if 'uppercase' option is True
    formatted_headers = formatter.format_headers(original_headers)
    assert formatted_headers == expected_headers, f"Expected headers to be uppercase, got: {formatted_headers}"
```

# Generated at 2024-03-18 05:57:01.145841
```python
    # Setup a FormatterPlugin instance with some dummy format options
    formatter = FormatterPlugin(format_options={'option1': 'value1'})

    # Define a sample content and MIME type
    sample_content = "Original body content"
    sample_mime = "text/plain"

    # Call the format_body method with the sample content and MIME type
    formatted_content = formatter.format_body(sample_content, sample_mime)

    # Assert that the formatted content is as expected (in this case, unchanged)
    assert formatted_content == sample_content, "The body content should not be modified by default"
```

# Generated at 2024-03-18 05:57:04.242245
```python
    formatter = FormatterPlugin(format_options={'option1': 'value1'})
    test_content = "Test content"
    test_mime = "text/plain"
    formatted_content = formatter.format_body(test_content, test_mime)
    assert formatted_content == test_content, "The format_body method should return the original content for 'text/plain' MIME type"
```

# Generated at 2024-03-18 05:57:07.718422
```python
    formatter = FormatterPlugin(format_options={'uppercase': True})
    original_headers = "Content-Type: text/html\nContent-Length: 1234"
    expected_headers = "CONTENT-TYPE: text/html\nCONTENT-LENGTH: 1234"
    
    # Assuming the format_headers method converts headers to uppercase if 'uppercase' option is True
    formatted_headers = formatter.format_headers(original_headers)
    
    assert formatted_headers == expected_headers, f"Expected headers to be uppercase, got: {formatted_headers}"
```

# Generated at 2024-03-18 05:57:15.271360
```python
    formatter = FormatterPlugin(format_options={'option1': 'value1'})
    test_content = "Original body content"
    test_mime = "text/plain"
    formatted_content = formatter.format_body(test_content, test_mime)
    assert formatted_content == test_content, "The format_body method should return the original content for plain text"
```

# Generated at 2024-03-18 05:57:18.819576
```python
    formatter = FormatterPlugin(format_options={'option1': 'value1'})
    original_headers = "Content-Type: text/plain\nContent-Length: 123"
    formatted_headers = formatter.format_headers(original_headers)
    assert formatted_headers == original_headers, "Headers should not be modified by default implementation"
```

# Generated at 2024-03-18 05:57:24.835990
```python
    formatter = FormatterPlugin(format_options={'uppercase': True})
    original_headers = "Content-Type: text/html\nContent-Length: 1234"
    expected_headers = "CONTENT-TYPE: TEXT/HTML\nCONTENT-LENGTH: 1234"
    
    # Assuming the FormatterPlugin is supposed to uppercase headers if 'uppercase' option is True
    formatted_headers = formatter.format_headers(original_headers)
    assert formatted_headers == expected_headers, f"Expected headers to be uppercased. Got: {formatted_headers}"
```

# Generated at 2024-03-18 05:57:27.772586
```python
    formatter = FormatterPlugin(format_options={'option1': 'value1'})
    test_content = "Test content"
    test_mime = "text/plain"
    
    # Call the method with test data
    formatted_content = formatter.format_body(test_content, test_mime)
    
    # Assert that the method returns the content unchanged
    assert formatted_content == test_content, "FormatterPlugin.format_body should return the original content if not overridden"
```

# Generated at 2024-03-18 05:57:31.413316
```python
    formatter = FormatterPlugin(format_options={'uppercase': True})
    original_headers = "Content-Type: text/html\nContent-Length: 1234"
    expected_headers = "CONTENT-TYPE: text/html\nCONTENT-LENGTH: 1234"
    
    # Assuming the format_headers method is supposed to uppercase headers
    formatted_headers = formatter.format_headers(original_headers)
    
    assert formatted_headers == expected_headers, f"Expected headers to be '{expected_headers}', but got '{formatted_headers}'"
```

# Generated at 2024-03-18 05:57:34.674708
```python
    formatter = FormatterPlugin(format_options={'option1': 'value1'})
    test_content = "Test content"
    test_mime = "text/plain"
    
    # Call the method with test data
    formatted_content = formatter.format_body(test_content, test_mime)
    
    # Assert that the method returns the content unchanged
    assert formatted_content == test_content, "The format_body method should return the original content for 'text/plain' MIME type."
```

# Generated at 2024-03-18 05:58:29.170246
```python
import unittest


# Generated at 2024-03-18 05:58:31.910985
```python
    env = Environment()
    format_options = {'option1': 'value1', 'option2': 'value2'}
    formatter = FormatterPlugin(env=env, format_options=format_options)

    assert formatter.enabled is True
    assert formatter.kwargs == {'env': env, 'format_options': format_options}
    assert formatter.format_options == format_options
```

# Generated at 2024-03-18 05:58:34.946294
```python
    # Setup
    formatter = FormatterPlugin(format_options={'option1': 'value1'})
    test_content = "Original body content"
    test_mime = "text/plain"

    # Call the method
    formatted_content = formatter.format_body(test_content, test_mime)

    # Assert the result
    assert formatted_content == test_content, "The format_body method should return the original content for plain text"
```

# Generated at 2024-03-18 05:58:42.248014
```python
    # Assuming we have a mock adapter class for testing purposes
    class MockAdapter(requests.adapters.BaseAdapter):
        def send(self, request, **kwargs):
            pass

        def close(self):
            pass

    # Create a subclass of TransportPlugin for testing
    class TestTransportPlugin(TransportPlugin):
        def get_adapter(self):
            return MockAdapter()

    # Instantiate the test plugin and call get_adapter
    plugin = TestTransportPlugin()
    adapter = plugin.get_adapter()

    # Check if the returned object is an instance of the expected adapter class
    assert isinstance(adapter, MockAdapter), "get_adapter should return an instance of MockAdapter"
```

# Generated at 2024-03-18 05:58:43.069720
```python

# Generated at 2024-03-18 05:58:43.893814
```python

# Generated at 2024-03-18 05:58:45.984481
```python
    plugin = TransportPlugin()
    assert plugin.name is None
    assert plugin.description is None
    assert plugin.package_name is None
    assert plugin.prefix is None
```

# Generated at 2024-03-18 05:58:46.816510
```python
import pytest


# Generated at 2024-03-18 05:58:47.430363
```python

# Generated at 2024-03-18 05:58:48.436030
```python
import unittest


# Generated at 2024-03-18 05:59:41.386188
```python
    env = Environment()
    format_options = {'option1': 'value1', 'option2': 'value2'}
    formatter = FormatterPlugin(env=env, format_options=format_options)

    assert formatter.enabled is True
    assert formatter.kwargs == {'env': env, 'format_options': format_options}
    assert formatter.format_options == format_options
```

# Generated at 2024-03-18 05:59:48.316509
```python
    # Assuming we have a mock adapter class for testing purposes
    class MockAdapter(requests.adapters.BaseAdapter):
        def send(self, request, **kwargs):
            pass  # Implement as needed for the test

        def close(self):
            pass  # Implement as needed for the test

    # Create a subclass of TransportPlugin for testing
    class TestTransportPlugin(TransportPlugin):
        prefix = 'http://test'

        def get_adapter(self):
            return MockAdapter()

    # Instantiate the test plugin and get the adapter
    plugin = TestTransportPlugin()
    adapter = plugin.get_adapter()

    # Check if the returned adapter is an instance of the expected class
    assert isinstance(adapter, MockAdapter), "get_adapter should return an instance of MockAdapter"

    # Optionally, you can add more tests to check if the adapter is correctly mounted to the prefix
    # and if it behaves as expected when used with requests
```

# Generated at 2024-03-18 05:59:52.496487
```python
    # Create a subclass of TransportPlugin for testing purposes
    class TestTransportPlugin(TransportPlugin):
        def get_adapter(self):
            return "TestAdapterInstance"

    # Instantiate the test plugin
    plugin = TestTransportPlugin()

    # Call the method to be tested
    adapter = plugin.get_adapter()

    # Assert that the method returns the expected value
    assert adapter == "TestAdapterInstance", "get_adapter should return 'TestAdapterInstance'"
```

# Generated at 2024-03-18 05:59:54.301409
```python
    plugin = BasePlugin()
    assert plugin.name is None
    assert plugin.description is None
    assert plugin.package_name is None
```

# Generated at 2024-03-18 06:00:00.172010
```python
    # Mock AuthPlugin subclass
    class MockAuthPlugin(AuthPlugin):
        auth_type = 'mock'

        def get_auth(self, username=None, password=None):
            return (username, password)

    # Test with both username and password
    plugin = MockAuthPlugin()
    username, password = 'user', 'pass'
    assert plugin.get_auth(username, password) == (username, password), "AuthPlugin get_auth should return the username and password"

    # Test with username only
    plugin.raw_auth = 'user'
    assert plugin.get_auth(username) == (username, None), "AuthPlugin get_auth should handle missing password"

    # Test with no credentials
    plugin.raw_auth = None
    assert plugin.get_auth() == (None, None), "AuthPlugin get_auth should handle no credentials"
```

# Generated at 2024-03-18 06:00:07.917708
```python
    # Mock AuthPlugin subclass
    class MockAuthPlugin(AuthPlugin):
        auth_type = 'mock'

        def get_auth(self, username=None, password=None):
            return (username, password)

    # Test with both username and password
    plugin = MockAuthPlugin()
    username, password = 'user', 'pass'
    assert plugin.get_auth(username, password) == (username, password), "AuthPlugin get_auth should return the username and password"

    # Test with username only
    plugin = MockAuthPlugin()
    username, password = 'user', None
    assert plugin.get_auth(username) == (username, password), "AuthPlugin get_auth should handle missing password"

    # Test with no credentials
    plugin = MockAuthPlugin()
    assert plugin.get_auth() == (None, None), "AuthPlugin get_auth should handle no credentials"

    # Test with netrc_parse enabled and credentials from netrc
    plugin = MockAuth

# Generated at 2024-03-18 06:00:13.903797
    # Mock AuthPlugin subclass
    class MockAuthPlugin(AuthPlugin):
        auth_type = 'mock'

        def get_auth(self, username=None, password=None):
            return (username, password)

    # Test with both username and password
    plugin = MockAuthPlugin()
    username, password = 'user', 'pass'
    assert plugin.get_auth(username, password) == (username, password), "AuthPlugin get_auth should return the username and password"

    # Test with username only
    plugin.raw_auth = 'user'
    assert plugin.get_auth(username) == (username, None), "AuthPlugin get_auth should handle missing password"

    # Test with no credentials
    plugin.raw_auth = None
    assert plugin.get_auth() == (None, None), "AuthPlugin get_auth should return None for both username and password when no credentials are given"

# Generated at 2024-03-18 06:00:14.895854
```python

# Generated at 2024-03-18 06:00:18.452842
```python
    formatter = FormatterPlugin(format_options={'option1': 'value1'})
    original_content = "Original body content"
    mime_type = "text/plain"
    
    # Call the method to be tested
    formatted_content = formatter.format_body(original_content, mime_type)
    
    # Assert that the formatted content is the same as the original for this basic plugin
    assert formatted_content == original_content, "The formatted content should be unchanged for the base FormatterPlugin."
```

# Generated at 2024-03-18 06:00:21.158332
```python
    class DummyAdapter:
        pass

    class DummyTransportPlugin(TransportPlugin):
        def get_adapter(self):
            return DummyAdapter()

    plugin = DummyTransportPlugin()
    adapter = plugin.get_adapter()
    assert isinstance(adapter, DummyAdapter), "get_adapter should return an instance of DummyAdapter"
```

# Generated at 2024-03-18 06:02:03.509736
```python
    def test_TransportPlugin_constructor():
        prefix = 'http+unix://'
        plugin = TransportPlugin()
        plugin.prefix = prefix
        assert plugin.prefix == prefix
```

# Generated at 2024-03-18 06:02:06.655389
```python
    plugin = AuthPlugin()
    assert plugin.name is None
    assert plugin.description is None
    assert plugin.package_name is None
    assert plugin.auth_type is None
    assert plugin.auth_require is True
    assert plugin.auth_parse is True
    assert plugin.netrc_parse is False
    assert plugin.prompt_password is True
    assert plugin.raw_auth is None
```

# Generated at 2024-03-18 06:02:08.199418
```python
    def test_TransportPlugin_constructor():
        prefix = 'http+unix'
        plugin = TransportPlugin()
        plugin.prefix = prefix
        assert plugin.prefix == prefix
```

# Generated at 2024-03-18 06:02:10.586793
```python
    # Test the constructor of the TransportPlugin class
    plugin = TransportPlugin()
    assert plugin.name is None
    assert plugin.description is None
    assert plugin.package_name is None
    assert plugin.prefix is None
```

# Generated at 2024-03-18 06:02:14.433475
```python
    formatter = FormatterPlugin(format_options={'option1': 'value1'})
    test_content = "Test content"
    test_mime = "text/plain"
    formatted_content = formatter.format_body(test_content, test_mime)
    assert formatted_content == test_content, "The format_body method should return the original content for 'text/plain' MIME type"
```

# Generated at 2024-03-18 06:02:18.127323
```python
    format_options = {'option1': 'value1', 'option2': 'value2'}
    plugin = FormatterPlugin(format_options=format_options)
    assert plugin.enabled is True
    assert plugin.kwargs == format_options
    assert plugin.format_options == format_options
```

# Generated at 2024-03-18 06:02:21.463347
```python
    # Create a subclass of TransportPlugin for testing
    class TestTransportPlugin(TransportPlugin):
        def get_adapter(self):
            return "TestAdapterInstance"

    # Instantiate the test plugin
    plugin = TestTransportPlugin()

    # Call the method to be tested
    adapter = plugin.get_adapter()

    # Assert that the returned adapter is as expected
    assert adapter == "TestAdapterInstance", "get_adapter should return 'TestAdapterInstance'"
```

# Generated at 2024-03-18 06:02:22.574312
```python

# Generated at 2024-03-18 06:02:29.184615
```python
    # Mock AuthPlugin subclass
    class MockAuthPlugin(AuthPlugin):
        auth_type = 'mock'

        def get_auth(self, username=None, password=None):
            return (username, password)

    # Test with both username and password
    plugin = MockAuthPlugin()
    username, password = 'user', 'pass'
    assert plugin.get_auth(username, password) == (username, password), "AuthPlugin get_auth should return the username and password"

    # Test with username only
    plugin = MockAuthPlugin()
    username, password = 'user', None
    assert plugin.get_auth(username, password) == (username, password), "AuthPlugin get_auth should handle missing password"

    # Test with no credentials
    plugin = MockAuthPlugin()
    username, password = None, None
    assert plugin.get_auth(username, password) == (username, password), "AuthPlugin get_auth should handle no credentials"

    # Test with net

# Generated at 2024-03-18 06:02:32.282794
```python
    # Create a subclass of TransportPlugin for testing
    class TestTransportPlugin(TransportPlugin):
        def get_adapter(self):
            return "TestAdapterInstance"

    # Instantiate the test plugin
    plugin = TestTransportPlugin()

    # Call the method to be tested
    adapter = plugin.get_adapter()

    # Assert that the returned adapter is as expected
    assert adapter == "TestAdapterInstance", "get_adapter should return 'TestAdapterInstance'"
```